,,,,,,,,,,,,,,,,,,,,,,,,,,,,,,,,,,,,,,,,,,,,,,,,,,,,,,,,,,,,,,,,,,,,,,,,,,,,,,,,,,,,,,,,,,,,,,,,,,,,,,,,,,,,,,,,,,,,,,,,,,,,,,,,,,,,,,,,,,,,,,,,,,,,,,,,,,,,,,,,,,,,,,,,,,,,,,,,,,,,,,,,,,,,,,,,,,,,,,,,,,,,,,,,,,,,,,,,,,,,,,,,,,,,,,,,,,,,,,,,,,,,,,,,,,,,,,,,,,,,,,,,,,,,,,,,,,,,,,,,,,,,,,,,,,,,,,,,,,,,,,,,,,,,,,,,,,,,,,,,,,,,,,,,,,,,,,,,,,,,,,,,,,,,,,,,,,,,,,,,,,,,,,,,,,,,,,,-0.0012282841634202119,-0.0012282841634202119,-0.0012282841634202119,-0.0012282841634202119,-0.0012282841634202119,-0.0012282841634202119,-0.0012282841634202119,-0.0012282841634202119,-0.0012282841634202119,-0.0012282841634202119,-0.0012282841634202119,-0.0012282841634202119,-0.0012282841634202119,-0.0012282841634202119,-0.0012282841634202119,-0.0012282841634202119,-0.0012282841634202119,-0.0012282841634202119,-0.0012282841634202119,-0.0012282841634202119,-0.0012282841634202119,-0.0012282841634202119,-0.0012282841634202119,-0.0012282841634202119,-0.0012282841634202119,-0.0012282841634202119,-0.0012282841634202119,-0.0012282841634202119,-0.0012282841634202119,-0.0012282841634202119,-0.0012282841634202119,-0.0012282841634202119,-0.0012282841634202119,-0.0012282841634202119,-0.0012282841634202119,-0.0012282841634202119,-0.0012282841634202119,-0.0012282841634202119,-0.0012282841634202119,-0.0012282841634202119,-0.0012282841634202119,-0.0012282841634202119,-0.0012282841634202119,-0.0012282841634202119,-0.0012282841634202119,-0.0012282841634202119,-0.0012282841634202119,-0.0012282841634202119,-0.0012282841634202119,-0.0012282841634202119,-0.0012282841634202119,-0.0012282841634202119,-0.0012282841634202119,-0.0012282841634202119,-0.0012282841634202119,-0.0012282841634202119,-0.0012282841634202119,-0.0012282841634202119,-0.0012282841634202119,-0.0012282841634202119,-0.0012282841634202119,-0.0012282841634202119,-0.0012282841634202119,-0.0012282841634202119,-0.0012282841634202119,-0.0012282841634202119,-0.0012282841634202119,-0.0012282841634202119,-0.0012282841634202119,-0.0012282841634202119,-0.0012282841634202119,-0.0012282841634202119,-0.0012282841634202119,-0.0012282841634202119,-0.0012282841634202119,-0.0012282841634202119,-0.0012282841634202119,-0.0012282841634202119,-0.0012282841634202119,-0.0012282841634202119,-0.0012282841634202119,-0.0012282841634202119,-0.0012282841634202119,-0.0012282841634202119,-0.0012282841634202119,-0.0012282841634202119,-0.0012282841634202119,-0.0012282841634202119,-0.0012282841634202119,-0.0012282841634202119,-0.0012282841634202119,-0.0012282841634202119,-0.0012282841634202119,-0.0012282841634202119,-0.0012282841634202119,-0.0012282841634202119,-0.0012282841634202119,-0.0012282841634202119,-0.0012282841634202119,-0.0012282841634202119,-0.0012282841634202119,-0.0012282841634202119,-0.0012282841634202119,-0.0012282841634202119,-0.0012282841634202119,-0.0012282841634202119,-0.0012282841634202119,-0.0012282841634202119,-0.0012282841634202119,-0.0012282841634202119,-0.0012282841634202119,-0.0012282841634202119,-0.0012282841634202119,-0.0012282841634202119,-0.0012282841634202119,-0.0012282841634202119,-0.0012282841634202119,-0.0012282841634202119,-0.0012282841634202119,-0.0012282841634202119,-0.0012282841634202119,-0.0012282841634202119,-0.0012282841634202119,-0.0012282841634202119,-0.0012282841634202119
,,,,,,,,,,,,,,,,,,,,,,,,,,,,,,,,,,,,,,,,,,,,,,,,,,,,,,,,,,,,,,,,,,,,,,,,,,,,,,,,,,,,,,,,,,,,,,,,,,,,,,,,,,,,,,,,,,,,,,,,,,,,,,,,,,,,,,,,,,,,,,,,,,,,,,,,,,,,,,,,,,,,,,,,,,,,,,,,,,,,,,,,,,,,,,,,,,,,,,,,,,,,,,,,,,,,,,,,,,,,,,,,,,,,,,,,,,,,,,,,,,,,,,,,,,,,,,,,,,,,,,,,,,,,,,,,,,,,,,,,,,,,,,,,,,,,,,,,,,,,,,,,,,,,,,,,,,,,,,,,,,,,,,,,,,,,,,,,,,,,,,,,,,,,,,,,,,,,,,,,,,,,,,,,,,,,,,,-0.0003041503237408686,-0.0003041503237408686,-0.0003041503237408686,-0.0003041503237408686,-0.0003041503237408686,-0.0003041503237408686,-0.0003041503237408686,-0.0003041503237408686,-0.0003041503237408686,-0.0003041503237408686,-0.0003041503237408686,-0.0003041503237408686,-0.0003041503237408686,-0.0003041503237408686,-0.0003041503237408686,-0.0003041503237408686,-0.0003041503237408686,-0.0003041503237408686,-0.0003041503237408686,-0.0003041503237408686,-0.0003041503237408686,-0.0003041503237408686,-0.0003041503237408686,-0.0003041503237408686,-0.0003041503237408686,-0.0003041503237408686,-0.0003041503237408686,-0.0003041503237408686,-0.0003041503237408686,-0.0003041503237408686,-0.0003041503237408686,-0.0003041503237408686,-0.0003041503237408686,-0.0003041503237408686,-0.0003041503237408686,-0.0003041503237408686,-0.0003041503237408686,-0.0003041503237408686,-0.0003041503237408686,-0.0003041503237408686,-0.0003041503237408686,-0.0003041503237408686,-0.0003041503237408686,-0.0003041503237408686,-0.0003041503237408686,-0.0003041503237408686,-0.0003041503237408686,-0.0003041503237408686,-0.0003041503237408686,-0.0003041503237408686,-0.0003041503237408686,-0.0003041503237408686,-0.0003041503237408686,-0.0003041503237408686,-0.0003041503237408686,-0.0003041503237408686,-0.0003041503237408686,-0.0003041503237408686,-0.0003041503237408686,-0.0003041503237408686,-0.0003041503237408686,-0.0003041503237408686,-0.0003041503237408686,-0.0003041503237408686,-0.0003041503237408686,-0.0003041503237408686,-0.0003041503237408686,-0.0003041503237408686,-0.0003041503237408686,-0.0003041503237408686,-0.0003041503237408686,-0.0003041503237408686,-0.0003041503237408686,-0.0003041503237408686,-0.0003041503237408686,-0.0003041503237408686,-0.0003041503237408686,-0.0003041503237408686,-0.0003041503237408686,-0.0003041503237408686,-0.0003041503237408686,-0.0003041503237408686,-0.0003041503237408686,-0.0003041503237408686,-0.0003041503237408686,-0.0003041503237408686,-0.0003041503237408686,-0.0003041503237408686,-0.0003041503237408686,-0.0003041503237408686,-0.0003041503237408686,-0.0003041503237408686,-0.0003041503237408686,-0.0003041503237408686,-0.0003041503237408686,-0.0003041503237408686,-0.0003041503237408686,-0.0003041503237408686,-0.0003041503237408686,-0.0003041503237408686,-0.0003041503237408686,-0.0003041503237408686,-0.0003041503237408686,-0.0003041503237408686,-0.0003041503237408686,-0.0003041503237408686,-0.0003041503237408686,-0.0003041503237408686,-0.0003041503237408686,-0.0003041503237408686,-0.0003041503237408686,-0.0003041503237408686,-0.0003041503237408686,-0.0003041503237408686,-0.0003041503237408686,-0.0003041503237408686,-0.0003041503237408686,-0.0003041503237408686,-0.0003041503237408686,-0.0003041503237408686,-0.0003041503237408686,-0.0003041503237408686,-0.0003041503237408686,-0.0003041503237408686,-0.0003041503237408686
,,,,,,,,,,,,,,,,,,,,,,,,,,,,,,,,,,,,,,,,,,,,,,,,,,,,,,,,,,,,,,,,,,,,,,,,,,,,,,,,,,,,,,,,,,,,,,,,,,,,,,,,,,,,,,,,,,,,,,,,,,,,,,,,,,,,,,,,,,,,,,,,,,,,,,,,,,,,,,,,,,,,,,,,,,,,,,,,,,,,,,,,,,,,,,,,,,,,,,,,,,,,,,,,,,,,,,,,,,,,,,,,,,,,,,,,,,,,,,,,,,,,,,,,,,,,,,,,,,,,,,,,,,,,,,,,,,,,,,,,,,,,,,,,,,,,,,,,,,,,,,,,,,,,,,,,,,,,,,,,,,,,,,,,,,,,,,,,,,,,,,,,,,,,,,,,,,,,,,,,,,,,,,,,,,,,,,,0.0005316445992906251,0.0005316445992906251,0.0005316445992906251,0.0005316445992906251,0.0005316445992906251,0.0005316445992906251,0.0005316445992906251,0.0005316445992906251,0.0005316445992906251,0.0005316445992906251,0.0005316445992906251,0.0005316445992906251,0.0005316445992906251,0.0005316445992906251,0.0005316445992906251,0.0005316445992906251,0.0005316445992906251,0.0005316445992906251,0.0005316445992906251,0.0005316445992906251,0.0005316445992906251,0.0005316445992906251,0.0005316445992906251,0.0005316445992906251,0.0005316445992906251,0.0005316445992906251,0.0005316445992906251,0.0005316445992906251,0.0005316445992906251,0.0005316445992906251,0.0005316445992906251,0.0005316445992906251,0.0005316445992906251,0.0005316445992906251,0.0005316445992906251,0.0005316445992906251,0.0005316445992906251,0.0005316445992906251,0.0005316445992906251,0.0005316445992906251,0.0005316445992906251,0.0005316445992906251,0.0005316445992906251,0.0005316445992906251,0.0005316445992906251,0.0005316445992906251,0.0005316445992906251,0.0005316445992906251,0.0005316445992906251,0.0005316445992906251,0.0005316445992906251,0.0005316445992906251,0.0005316445992906251,0.0005316445992906251,0.0005316445992906251,0.0005316445992906251,0.0005316445992906251,0.0005316445992906251,0.0005316445992906251,0.0005316445992906251,0.0005316445992906251,0.0005316445992906251,0.0005316445992906251,0.0005316445992906251,0.0005316445992906251,0.0005316445992906251,0.0005316445992906251,0.0005316445992906251,0.0005316445992906251,0.0005316445992906251,0.0005316445992906251,0.0005316445992906251,0.0005316445992906251,0.0005316445992906251,0.0005316445992906251,0.0005316445992906251,0.0005316445992906251,0.0005316445992906251,0.0005316445992906251,0.0005316445992906251,0.0005316445992906251,0.0005316445992906251,0.0005316445992906251,0.0005316445992906251,0.0005316445992906251,0.0005316445992906251,0.0005316445992906251,0.0005316445992906251,0.0005316445992906251,0.0005316445992906251,0.0005316445992906251,0.0005316445992906251,0.0005316445992906251,0.0005316445992906251,0.0005316445992906251,0.0005316445992906251,0.0005316445992906251,0.0005316445992906251,0.0005316445992906251,0.0005316445992906251,0.0005316445992906251,0.0005316445992906251,0.0005316445992906251,0.0005316445992906251,0.0005316445992906251,0.0005316445992906251,0.0005316445992906251,0.0005316445992906251,0.0005316445992906251,0.0005316445992906251,0.0005316445992906251,0.0005316445992906251,0.0005316445992906251,0.0005316445992906251,0.0005316445992906251,0.0005316445992906251,0.0005316445992906251,0.0005316445992906251,0.0005316445992906251,0.0005316445992906251,0.0005316445992906251,0.0005316445992906251,0.0005316445992906251,0.0005316445992906251,0.0005316445992906251
,,,,,,,,,,,,,,,,,,,,,,,,,,,,,,,,,,,,,,,,,,,,,,,,,,,,,,,,,,,,,,,,,,,,,,,,,,,,,,,,,,,,,,,,,,,,,,,,,,,,,,,,,,,,,,,,,,,,,,,,,,,,,,,,,,,,,,,,,,,,,,,,,,,,,,,,,,,,,,,,,,,,,,,,,,,,,,,,,,,,,,,,,,,,,,,,,,,,,,,,,,,,,,,,,,,,,,,,,,,,,,,,,,,,,,,,,,,,,,,,,,,,,,,,,,,,,,,,,,,,,,,,,,,,,,,,,,,,,,,,,,,,,,,,,,,,,,,,,,,,,,,,,,,,,,,,,,,,,,,,,,,,,,,,,,,,,,,,,,,,,,,,,,,,,,,,,,,,,,,,,,,,,,,,,,,,,,,0.000848239521697319,0.000848239521697319,0.000848239521697319,0.000848239521697319,0.000848239521697319,0.000848239521697319,0.000848239521697319,0.000848239521697319,0.000848239521697319,0.000848239521697319,0.000848239521697319,0.000848239521697319,0.000848239521697319,0.000848239521697319,0.000848239521697319,0.000848239521697319,0.000848239521697319,0.000848239521697319,0.000848239521697319,0.000848239521697319,0.000848239521697319,0.000848239521697319,0.000848239521697319,0.000848239521697319,0.000848239521697319,0.000848239521697319,0.000848239521697319,0.000848239521697319,0.000848239521697319,0.000848239521697319,0.000848239521697319,0.000848239521697319,0.000848239521697319,0.000848239521697319,0.000848239521697319,0.000848239521697319,0.000848239521697319,0.000848239521697319,0.000848239521697319,0.000848239521697319,0.000848239521697319,0.000848239521697319,0.000848239521697319,0.000848239521697319,0.000848239521697319,0.000848239521697319,0.000848239521697319,0.000848239521697319,0.000848239521697319,0.000848239521697319,0.000848239521697319,0.000848239521697319,0.000848239521697319,0.000848239521697319,0.000848239521697319,0.000848239521697319,0.000848239521697319,0.000848239521697319,0.000848239521697319,0.000848239521697319,0.000848239521697319,0.000848239521697319,0.000848239521697319,0.000848239521697319,0.000848239521697319,0.000848239521697319,0.000848239521697319,0.000848239521697319,0.000848239521697319,0.000848239521697319,0.000848239521697319,0.000848239521697319,0.000848239521697319,0.000848239521697319,0.000848239521697319,0.000848239521697319,0.000848239521697319,0.000848239521697319,0.000848239521697319,0.000848239521697319,0.000848239521697319,0.000848239521697319,0.000848239521697319,0.000848239521697319,0.000848239521697319,0.000848239521697319,0.000848239521697319,0.000848239521697319,0.000848239521697319,0.000848239521697319,0.000848239521697319,0.000848239521697319,0.000848239521697319,0.000848239521697319,0.000848239521697319,0.000848239521697319,0.000848239521697319,0.000848239521697319,0.000848239521697319,0.000848239521697319,0.000848239521697319,0.000848239521697319,0.000848239521697319,0.000848239521697319,0.000848239521697319,0.000848239521697319,0.000848239521697319,0.000848239521697319,0.000848239521697319,0.000848239521697319,0.000848239521697319,0.000848239521697319,0.000848239521697319,0.000848239521697319,0.000848239521697319,0.000848239521697319,0.000848239521697319,0.000848239521697319,0.000848239521697319,0.000848239521697319,0.000848239521697319,0.000848239521697319,0.000848239521697319,0.000848239521697319,0.000848239521697319
,,,,,,,,,,,,,,,,,,,,,,,,,,,,,,,,,,,,,,,,,,,,,,,,,,,,,,,,,,,,,,,,,,,,,,,,,,,,,,,,,,,,,,,,,,,,,,,,,,,,,,,,,,,,,,,,,,,,,,,,,,,,,,,,,,,,,,,,,,,,,,,,,,,,,,,,,,,,,,,,,,,,,,,,,,,,,,,,,,,,,,,,,,,,,,,,,,,,,,,,,,,,,,,,,,,,,,,,,,,,,,,,,,,,,,,,,,,,,,,,,,,,,,,,,,,,,,,,,,,,,,,,,,,,,,,,,,,,,,,,,,,,,,,,,,,,,,,,,,,,,,,,,,,,,,,,,,,,,,,,,,,,,,,,,,,,,,,,,,,,,,,,,,,,,,,,,,,,,,,,,,,,,,,,,,,,,,,0.00043877729712274655,0.00043877729712274655,0.00043877729712274655,0.00043877729712274655,0.00043877729712274655,0.00043877729712274655,0.00043877729712274655,0.00043877729712274655,0.00043877729712274655,0.00043877729712274655,0.00043877729712274655,0.00043877729712274655,0.00043877729712274655,0.00043877729712274655,0.00043877729712274655,0.00043877729712274655,0.00043877729712274655,0.00043877729712274655,0.00043877729712274655,0.00043877729712274655,0.00043877729712274655,0.00043877729712274655,0.00043877729712274655,0.00043877729712274655,0.00043877729712274655,0.00043877729712274655,0.00043877729712274655,0.00043877729712274655,0.00043877729712274655,0.00043877729712274655,0.00043877729712274655,0.00043877729712274655,0.00043877729712274655,0.00043877729712274655,0.00043877729712274655,0.00043877729712274655,0.00043877729712274655,0.00043877729712274655,0.00043877729712274655,0.00043877729712274655,0.00043877729712274655,0.00043877729712274655,0.00043877729712274655,0.00043877729712274655,0.00043877729712274655,0.00043877729712274655,0.00043877729712274655,0.00043877729712274655,0.00043877729712274655,0.00043877729712274655,0.00043877729712274655,0.00043877729712274655,0.00043877729712274655,0.00043877729712274655,0.00043877729712274655,0.00043877729712274655,0.00043877729712274655,0.00043877729712274655,0.00043877729712274655,0.00043877729712274655,0.00043877729712274655,0.00043877729712274655,0.00043877729712274655,0.00043877729712274655,0.00043877729712274655,0.00043877729712274655,0.00043877729712274655,0.00043877729712274655,0.00043877729712274655,0.00043877729712274655,0.00043877729712274655,0.00043877729712274655,0.00043877729712274655,0.00043877729712274655,0.00043877729712274655,0.00043877729712274655,0.00043877729712274655,0.00043877729712274655,0.00043877729712274655,0.00043877729712274655,0.00043877729712274655,0.00043877729712274655,0.00043877729712274655,0.00043877729712274655,0.00043877729712274655,0.00043877729712274655,0.00043877729712274655,0.00043877729712274655,0.00043877729712274655,0.00043877729712274655,0.00043877729712274655,0.00043877729712274655,0.00043877729712274655,0.00043877729712274655,0.00043877729712274655,0.00043877729712274655,0.00043877729712274655,0.00043877729712274655,0.00043877729712274655,0.00043877729712274655,0.00043877729712274655,0.00043877729712274655,0.00043877729712274655,0.00043877729712274655,0.00043877729712274655,0.00043877729712274655,0.00043877729712274655,0.00043877729712274655,0.00043877729712274655,0.00043877729712274655,0.00043877729712274655,0.00043877729712274655,0.00043877729712274655,0.00043877729712274655,0.00043877729712274655,0.00043877729712274655,0.00043877729712274655,0.00043877729712274655,0.00043877729712274655,0.00043877729712274655,0.00043877729712274655,0.00043877729712274655,0.00043877729712274655,0.00043877729712274655,0.00043877729712274655
,,,,,,,,,,,,,,,,,,,,,,,,,,,,,,,,,,,,,,,,,,,,,,,,,,,,,,,,,,,,,,,,,,,,,,,,,,,,,,,,,,,,,,,,,,,,,,,,,,,,,,,,,,,,,,,,,,,,,,,,,,,,,,,,,,,,,,,,,,,,,,,,,,,,,,,,,,,,,,,,,,,,,,,,,,,,,,,,,,,,,,,,,,,,,,,,,,,,,,,,,,,,,,,,,,,,,,,,,,,,,,,,,,,,,,,,,,,,,,,,,,,,,,,,,,,,,,,,,,,,,,,,,,,,,,,,,,,,,,,,,,,,,,,,,,,,,,,,,,,,,,,,,,,,,,,,,,,,,,,,,,,,,,,,,,,,,,,,,,,,,,,,,,,,,,,,,,,,,,,,,,,,,,,,,,,,,,,0.0004511961728565787,0.0004511961728565787,0.0004511961728565787,0.0004511961728565787,0.0004511961728565787,0.0004511961728565787,0.0004511961728565787,0.0004511961728565787,0.0004511961728565787,0.0004511961728565787,0.0004511961728565787,0.0004511961728565787,0.0004511961728565787,0.0004511961728565787,0.0004511961728565787,0.0004511961728565787,0.0004511961728565787,0.0004511961728565787,0.0004511961728565787,0.0004511961728565787,0.0004511961728565787,0.0004511961728565787,0.0004511961728565787,0.0004511961728565787,0.0004511961728565787,0.0004511961728565787,0.0004511961728565787,0.0004511961728565787,0.0004511961728565787,0.0004511961728565787,0.0004511961728565787,0.0004511961728565787,0.0004511961728565787,0.0004511961728565787,0.0004511961728565787,0.0004511961728565787,0.0004511961728565787,0.0004511961728565787,0.0004511961728565787,0.0004511961728565787,0.0004511961728565787,0.0004511961728565787,0.0004511961728565787,0.0004511961728565787,0.0004511961728565787,0.0004511961728565787,0.0004511961728565787,0.0004511961728565787,0.0004511961728565787,0.0004511961728565787,0.0004511961728565787,0.0004511961728565787,0.0004511961728565787,0.0004511961728565787,0.0004511961728565787,0.0004511961728565787,0.0004511961728565787,0.0004511961728565787,0.0004511961728565787,0.0004511961728565787,0.0004511961728565787,0.0004511961728565787,0.0004511961728565787,0.0004511961728565787,0.0004511961728565787,0.0004511961728565787,0.0004511961728565787,0.0004511961728565787,0.0004511961728565787,0.0004511961728565787,0.0004511961728565787,0.0004511961728565787,0.0004511961728565787,0.0004511961728565787,0.0004511961728565787,0.0004511961728565787,0.0004511961728565787,0.0004511961728565787,0.0004511961728565787,0.0004511961728565787,0.0004511961728565787,0.0004511961728565787,0.0004511961728565787,0.0004511961728565787,0.0004511961728565787,0.0004511961728565787,0.0004511961728565787,0.0004511961728565787,0.0004511961728565787,0.0004511961728565787,0.0004511961728565787,0.0004511961728565787,0.0004511961728565787,0.0004511961728565787,0.0004511961728565787,0.0004511961728565787,0.0004511961728565787,0.0004511961728565787,0.0004511961728565787,0.0004511961728565787,0.0004511961728565787,0.0004511961728565787,0.0004511961728565787,0.0004511961728565787,0.0004511961728565787,0.0004511961728565787,0.0004511961728565787,0.0004511961728565787,0.0004511961728565787,0.0004511961728565787,0.0004511961728565787,0.0004511961728565787,0.0004511961728565787,0.0004511961728565787,0.0004511961728565787,0.0004511961728565787,0.0004511961728565787,0.0004511961728565787,0.0004511961728565787,0.0004511961728565787,0.0004511961728565787,0.0004511961728565787,0.0004511961728565787,0.0004511961728565787,0.0004511961728565787
,,,,,,,,,,,,,,,,,,,,,,,,,,,,,,,,,,,,,,,,,,,,,,,,,,,,,,,,,,,,,,,,,,,,,,,,,,,,,,,,,,,,,,,,,,,,,,,,,,,,,,,,,,,,,,,,,,,,,,,,,,,,,,,,,,,,,,,,,,,,,,,,,,,,,,,,,,,,,,,,,,,,,,,,,,,,,,,,,,,,,,,,,,,,,,,,,,,,,,,,,,,,,,,,,,,,,,,,,,,,,,,,,,,,,,,,,,,,,,,,,,,,,,,,,,,,,,,,,,,,,,,,,,,,,,,,,,,,,,,,,,,,,,,,,,,,,,,,,,,,,,,,,,,,,,,,,,,,,,,,,,,,,,,,,,,,,,,,,,,,,,,,,,,,,,,,,,,,,,,,,,,,,,,,,,,,,,,0.00013829489046408765,0.00013829489046408765,0.00013829489046408765,0.00013829489046408765,0.00013829489046408765,0.00013829489046408765,0.00013829489046408765,0.00013829489046408765,0.00013829489046408765,0.00013829489046408765,0.00013829489046408765,0.00013829489046408765,0.00013829489046408765,0.00013829489046408765,0.00013829489046408765,0.00013829489046408765,0.00013829489046408765,0.00013829489046408765,0.00013829489046408765,0.00013829489046408765,0.00013829489046408765,0.00013829489046408765,0.00013829489046408765,0.00013829489046408765,0.00013829489046408765,0.00013829489046408765,0.00013829489046408765,0.00013829489046408765,0.00013829489046408765,0.00013829489046408765,0.00013829489046408765,0.00013829489046408765,0.00013829489046408765,0.00013829489046408765,0.00013829489046408765,0.00013829489046408765,0.00013829489046408765,0.00013829489046408765,0.00013829489046408765,0.00013829489046408765,0.00013829489046408765,0.00013829489046408765,0.00013829489046408765,0.00013829489046408765,0.00013829489046408765,0.00013829489046408765,0.00013829489046408765,0.00013829489046408765,0.00013829489046408765,0.00013829489046408765,0.00013829489046408765,0.00013829489046408765,0.00013829489046408765,0.00013829489046408765,0.00013829489046408765,0.00013829489046408765,0.00013829489046408765,0.00013829489046408765,0.00013829489046408765,0.00013829489046408765,0.00013829489046408765,0.00013829489046408765,0.00013829489046408765,0.00013829489046408765,0.00013829489046408765,0.00013829489046408765,0.00013829489046408765,0.00013829489046408765,0.00013829489046408765,0.00013829489046408765,0.00013829489046408765,0.00013829489046408765,0.00013829489046408765,0.00013829489046408765,0.00013829489046408765,0.00013829489046408765,0.00013829489046408765,0.00013829489046408765,0.00013829489046408765,0.00013829489046408765,0.00013829489046408765,0.00013829489046408765,0.00013829489046408765,0.00013829489046408765,0.00013829489046408765,0.00013829489046408765,0.00013829489046408765,0.00013829489046408765,0.00013829489046408765,0.00013829489046408765,0.00013829489046408765,0.00013829489046408765,0.00013829489046408765,0.00013829489046408765,0.00013829489046408765,0.00013829489046408765,0.00013829489046408765,0.00013829489046408765,0.00013829489046408765,0.00013829489046408765,0.00013829489046408765,0.00013829489046408765,0.00013829489046408765,0.00013829489046408765,0.00013829489046408765,0.00013829489046408765,0.00013829489046408765,0.00013829489046408765,0.00013829489046408765,0.00013829489046408765,0.00013829489046408765,0.00013829489046408765,0.00013829489046408765,0.00013829489046408765,0.00013829489046408765,0.00013829489046408765,0.00013829489046408765,0.00013829489046408765,0.00013829489046408765,0.00013829489046408765,0.00013829489046408765,0.00013829489046408765,0.00013829489046408765,0.00013829489046408765,0.00013829489046408765
,,,,,,,,,,,,,,,,,,,,,,,,,,,,,,,,,,,,,,,,,,,,,,,,,,,,,,,,,,,,,,,,,,,,,,,,,,,,,,,,,,,,,,,,,,,,,,,,,,,,,,,,,,,,,,,,,,,,,,,,,,,,,,,,,,,,,,,,,,,,,,,,,,,,,,,,,,,,,,,,,,,,,,,,,,,,,,,,,,,,,,,,,,,,,,,,,,,,,,,,,,,,,,,,,,,,,,,,,,,,,,,,,,,,,,,,,,,,,,,,,,,,,,,,,,,,,,,,,,,,,,,,,,,,,,,,,,,,,,,,,,,,,,,,,,,,,,,,,,,,,,,,,,,,,,,,,,,,,,,,,,,,,,,,,,,,,,,,,,,,,,,,,,,,,,,,,,,,,,,,,,,,,,,,,,,,,,,0.00011791480750455526,0.00011791480750455526,0.00011791480750455526,0.00011791480750455526,0.00011791480750455526,0.00011791480750455526,0.00011791480750455526,0.00011791480750455526,0.00011791480750455526,0.00011791480750455526,0.00011791480750455526,0.00011791480750455526,0.00011791480750455526,0.00011791480750455526,0.00011791480750455526,0.00011791480750455526,0.00011791480750455526,0.00011791480750455526,0.00011791480750455526,0.00011791480750455526,0.00011791480750455526,0.00011791480750455526,0.00011791480750455526,0.00011791480750455526,0.00011791480750455526,0.00011791480750455526,0.00011791480750455526,0.00011791480750455526,0.00011791480750455526,0.00011791480750455526,0.00011791480750455526,0.00011791480750455526,0.00011791480750455526,0.00011791480750455526,0.00011791480750455526,0.00011791480750455526,0.00011791480750455526,0.00011791480750455526,0.00011791480750455526,0.00011791480750455526,0.00011791480750455526,0.00011791480750455526,0.00011791480750455526,0.00011791480750455526,0.00011791480750455526,0.00011791480750455526,0.00011791480750455526,0.00011791480750455526,0.00011791480750455526,0.00011791480750455526,0.00011791480750455526,0.00011791480750455526,0.00011791480750455526,0.00011791480750455526,0.00011791480750455526,0.00011791480750455526,0.00011791480750455526,0.00011791480750455526,0.00011791480750455526,0.00011791480750455526,0.00011791480750455526,0.00011791480750455526,0.00011791480750455526,0.00011791480750455526,0.00011791480750455526,0.00011791480750455526,0.00011791480750455526,0.00011791480750455526,0.00011791480750455526,0.00011791480750455526,0.00011791480750455526,0.00011791480750455526,0.00011791480750455526,0.00011791480750455526,0.00011791480750455526,0.00011791480750455526,0.00011791480750455526,0.00011791480750455526,0.00011791480750455526,0.00011791480750455526,0.00011791480750455526,0.00011791480750455526,0.00011791480750455526,0.00011791480750455526,0.00011791480750455526,0.00011791480750455526,0.00011791480750455526,0.00011791480750455526,0.00011791480750455526,0.00011791480750455526,0.00011791480750455526,0.00011791480750455526,0.00011791480750455526,0.00011791480750455526,0.00011791480750455526,0.00011791480750455526,0.00011791480750455526,0.00011791480750455526,0.00011791480750455526,0.00011791480750455526,0.00011791480750455526,0.00011791480750455526,0.00011791480750455526,0.00011791480750455526,0.00011791480750455526,0.00011791480750455526,0.00011791480750455526,0.00011791480750455526,0.00011791480750455526,0.00011791480750455526,0.00011791480750455526,0.00011791480750455526,0.00011791480750455526,0.00011791480750455526,0.00011791480750455526,0.00011791480750455526,0.00011791480750455526,0.00011791480750455526,0.00011791480750455526,0.00011791480750455526,0.00011791480750455526,0.00011791480750455526,0.00011791480750455526,0.00011791480750455526,0.00011791480750455526
,,,,,,,,,,,,,,,,,,,,,,,,,,,,,,,,,,,,,,,,,,,,,,,,,,,,,,,,,,,,,,,,,,,,,,,,,,,,,,,,,,,,,,,,,,,,,,,,,,,,,,,,,,,,,,,,,,,,,,,,,,,,,,,,,,,,,,,,,,,,,,,,,,,,,,,,,,,,,,,,,,,,,,,,,,,,,,,,,,,,,,,,,,,,,,,,,,,,,,,,,,,,,,,,,,,,,,,,,,,,,,,,,,,,,,,,,,,,,,,,,,,,,,,,,,,,,,,,,,,,,,,,,,,,,,,,,,,,,,,,,,,,,,,,,,,,,,,,,,,,,,,,,,,,,,,,,,,,,,,,,,,,,,,,,,,,,,,,,,,,,,,,,,,,,,,,,,,,,,,,,,,,,,,,,,,,,,,0.0006576204064587433,0.0006576204064587433,0.0006576204064587433,0.0006576204064587433,0.0006576204064587433,0.0006576204064587433,0.0006576204064587433,0.0006576204064587433,0.0006576204064587433,0.0006576204064587433,0.0006576204064587433,0.0006576204064587433,0.0006576204064587433,0.0006576204064587433,0.0006576204064587433,0.0006576204064587433,0.0006576204064587433,0.0006576204064587433,0.0006576204064587433,0.0006576204064587433,0.0006576204064587433,0.0006576204064587433,0.0006576204064587433,0.0006576204064587433,0.0006576204064587433,0.0006576204064587433,0.0006576204064587433,0.0006576204064587433,0.0006576204064587433,0.0006576204064587433,0.0006576204064587433,0.0006576204064587433,0.0006576204064587433,0.0006576204064587433,0.0006576204064587433,0.0006576204064587433,0.0006576204064587433,0.0006576204064587433,0.0006576204064587433,0.0006576204064587433,0.0006576204064587433,0.0006576204064587433,0.0006576204064587433,0.0006576204064587433,0.0006576204064587433,0.0006576204064587433,0.0006576204064587433,0.0006576204064587433,0.0006576204064587433,0.0006576204064587433,0.0006576204064587433,0.0006576204064587433,0.0006576204064587433,0.0006576204064587433,0.0006576204064587433,0.0006576204064587433,0.0006576204064587433,0.0006576204064587433,0.0006576204064587433,0.0006576204064587433,0.0006576204064587433,0.0006576204064587433,0.0006576204064587433,0.0006576204064587433,0.0006576204064587433,0.0006576204064587433,0.0006576204064587433,0.0006576204064587433,0.0006576204064587433,0.0006576204064587433,0.0006576204064587433,0.0006576204064587433,0.0006576204064587433,0.0006576204064587433,0.0006576204064587433,0.0006576204064587433,0.0006576204064587433,0.0006576204064587433,0.0006576204064587433,0.0006576204064587433,0.0006576204064587433,0.0006576204064587433,0.0006576204064587433,0.0006576204064587433,0.0006576204064587433,0.0006576204064587433,0.0006576204064587433,0.0006576204064587433,0.0006576204064587433,0.0006576204064587433,0.0006576204064587433,0.0006576204064587433,0.0006576204064587433,0.0006576204064587433,0.0006576204064587433,0.0006576204064587433,0.0006576204064587433,0.0006576204064587433,0.0006576204064587433,0.0006576204064587433,0.0006576204064587433,0.0006576204064587433,0.0006576204064587433,0.0006576204064587433,0.0006576204064587433,0.0006576204064587433,0.0006576204064587433,0.0006576204064587433,0.0006576204064587433,0.0006576204064587433,0.0006576204064587433,0.0006576204064587433,0.0006576204064587433,0.0006576204064587433,0.0006576204064587433,0.0006576204064587433,0.0006576204064587433,0.0006576204064587433,0.0006576204064587433,0.0006576204064587433,0.0006576204064587433,0.0006576204064587433,0.0006576204064587433,0.0006576204064587433,0.0006576204064587433
,,,,,,,,,,,,,,,,,,,,,,,,,,,,,,,,,,,,,,,,,,,,,,,,,,,,,,,,,,,,,,,,,,,,,,,,,,,,,,,,,,,,,,,,,,,,,,,,,,,,,,,,,,,,,,,,,,,,,,,,,,,,,,,,,,,,,,,,,,,,,,,,,,,,,,,,,,,,,,,,,,,,,,,,,,,,,,,,,,,,,,,,,,,,,,,,,,,,,,,,,,,,,,,,,,,,,,,,,,,,,,,,,,,,,,,,,,,,,,,,,,,,,,,,,,,,,,,,,,,,,,,,,,,,,,,,,,,,,,,,,,,,,,,,,,,,,,,,,,,,,,,,,,,,,,,,,,,,,,,,,,,,,,,,,,,,,,,,,,,,,,,,,,,,,,,,,,,,,,,,,,,,,,,,,,,,,,,0.0008478980929731197,0.0008478980929731197,0.0008478980929731197,0.0008478980929731197,0.0008478980929731197,0.0008478980929731197,0.0008478980929731197,0.0008478980929731197,0.0008478980929731197,0.0008478980929731197,0.0008478980929731197,0.0008478980929731197,0.0008478980929731197,0.0008478980929731197,0.0008478980929731197,0.0008478980929731197,0.0008478980929731197,0.0008478980929731197,0.0008478980929731197,0.0008478980929731197,0.0008478980929731197,0.0008478980929731197,0.0008478980929731197,0.0008478980929731197,0.0008478980929731197,0.0008478980929731197,0.0008478980929731197,0.0008478980929731197,0.0008478980929731197,0.0008478980929731197,0.0008478980929731197,0.0008478980929731197,0.0008478980929731197,0.0008478980929731197,0.0008478980929731197,0.0008478980929731197,0.0008478980929731197,0.0008478980929731197,0.0008478980929731197,0.0008478980929731197,0.0008478980929731197,0.0008478980929731197,0.0008478980929731197,0.0008478980929731197,0.0008478980929731197,0.0008478980929731197,0.0008478980929731197,0.0008478980929731197,0.0008478980929731197,0.0008478980929731197,0.0008478980929731197,0.0008478980929731197,0.0008478980929731197,0.0008478980929731197,0.0008478980929731197,0.0008478980929731197,0.0008478980929731197,0.0008478980929731197,0.0008478980929731197,0.0008478980929731197,0.0008478980929731197,0.0008478980929731197,0.0008478980929731197,0.0008478980929731197,0.0008478980929731197,0.0008478980929731197,0.0008478980929731197,0.0008478980929731197,0.0008478980929731197,0.0008478980929731197,0.0008478980929731197,0.0008478980929731197,0.0008478980929731197,0.0008478980929731197,0.0008478980929731197,0.0008478980929731197,0.0008478980929731197,0.0008478980929731197,0.0008478980929731197,0.0008478980929731197,0.0008478980929731197,0.0008478980929731197,0.0008478980929731197,0.0008478980929731197,0.0008478980929731197,0.0008478980929731197,0.0008478980929731197,0.0008478980929731197,0.0008478980929731197,0.0008478980929731197,0.0008478980929731197,0.0008478980929731197,0.0008478980929731197,0.0008478980929731197,0.0008478980929731197,0.0008478980929731197,0.0008478980929731197,0.0008478980929731197,0.0008478980929731197,0.0008478980929731197,0.0008478980929731197,0.0008478980929731197,0.0008478980929731197,0.0008478980929731197,0.0008478980929731197,0.0008478980929731197,0.0008478980929731197,0.0008478980929731197,0.0008478980929731197,0.0008478980929731197,0.0008478980929731197,0.0008478980929731197,0.0008478980929731197,0.0008478980929731197,0.0008478980929731197,0.0008478980929731197,0.0008478980929731197,0.0008478980929731197,0.0008478980929731197,0.0008478980929731197,0.0008478980929731197,0.0008478980929731197,0.0008478980929731197,0.0008478980929731197,0.0008478980929731197
,,,,,,,,,,,,,,,,,,,,,,,,,,,,,,,,,,,,,,,,,,,,,,,,,,,,,,,,,,,,,,,,,,,,,,,,,,,,,,,,,,,,,,,,,,,,,,,,,,,,,,,,,,,,,,,,,,,,,,,,,,,,,,,,,,,,,,,,,,,,,,,,,,,,,,,,,,,,,,,,,,,,,,,,,,,,,,,,,,,,,,,,,,,,,,,,,,,,,,,,,,,,,,,,,,,,,,,,,,,,,,,,,,,,,,,,,,,,,,,,,,,,,,,,,,,,,,,,,,,,,,,,,,,,,,,,,,,,,,,,,,,,,,,,,,,,,,,,,,,,,,,,,,,,,,,,,,,,,,,,,,,,,,,,,,,,,,,,,,,,,,,,,,,,,,,,,,,,,,,,,,,,,,,,,,,,,,,0.0008931257035099785,0.0008931257035099785,0.0008931257035099785,0.0008931257035099785,0.0008931257035099785,0.0008931257035099785,0.0008931257035099785,0.0008931257035099785,0.0008931257035099785,0.0008931257035099785,0.0008931257035099785,0.0008931257035099785,0.0008931257035099785,0.0008931257035099785,0.0008931257035099785,0.0008931257035099785,0.0008931257035099785,0.0008931257035099785,0.0008931257035099785,0.0008931257035099785,0.0008931257035099785,0.0008931257035099785,0.0008931257035099785,0.0008931257035099785,0.0008931257035099785,0.0008931257035099785,0.0008931257035099785,0.0008931257035099785,0.0008931257035099785,0.0008931257035099785,0.0008931257035099785,0.0008931257035099785,0.0008931257035099785,0.0008931257035099785,0.0008931257035099785,0.0008931257035099785,0.0008931257035099785,0.0008931257035099785,0.0008931257035099785,0.0008931257035099785,0.0008931257035099785,0.0008931257035099785,0.0008931257035099785,0.0008931257035099785,0.0008931257035099785,0.0008931257035099785,0.0008931257035099785,0.0008931257035099785,0.0008931257035099785,0.0008931257035099785,0.0008931257035099785,0.0008931257035099785,0.0008931257035099785,0.0008931257035099785,0.0008931257035099785,0.0008931257035099785,0.0008931257035099785,0.0008931257035099785,0.0008931257035099785,0.0008931257035099785,0.0008931257035099785,0.0008931257035099785,0.0008931257035099785,0.0008931257035099785,0.0008931257035099785,0.0008931257035099785,0.0008931257035099785,0.0008931257035099785,0.0008931257035099785,0.0008931257035099785,0.0008931257035099785,0.0008931257035099785,0.0008931257035099785,0.0008931257035099785,0.0008931257035099785,0.0008931257035099785,0.0008931257035099785,0.0008931257035099785,0.0008931257035099785,0.0008931257035099785,0.0008931257035099785,0.0008931257035099785,0.0008931257035099785,0.0008931257035099785,0.0008931257035099785,0.0008931257035099785,0.0008931257035099785,0.0008931257035099785,0.0008931257035099785,0.0008931257035099785,0.0008931257035099785,0.0008931257035099785,0.0008931257035099785,0.0008931257035099785,0.0008931257035099785,0.0008931257035099785,0.0008931257035099785,0.0008931257035099785,0.0008931257035099785,0.0008931257035099785,0.0008931257035099785,0.0008931257035099785,0.0008931257035099785,0.0008931257035099785,0.0008931257035099785,0.0008931257035099785,0.0008931257035099785,0.0008931257035099785,0.0008931257035099785,0.0008931257035099785,0.0008931257035099785,0.0008931257035099785,0.0008931257035099785,0.0008931257035099785,0.0008931257035099785,0.0008931257035099785,0.0008931257035099785,0.0008931257035099785,0.0008931257035099785,0.0008931257035099785,0.0008931257035099785,0.0008931257035099785,0.0008931257035099785,0.0008931257035099785,0.0008931257035099785
,,,,,,,,,,,,,,,,,,,,,,,,,,,,,,,,,,,,,,,,,,,,,,,,,,,,,,,,,,,,,,,,,,,,,,,,,,,,,,,,,,,,,,,,,,,,,,,,,,,,,,,,,,,,,,,,,,,,,,,,,,,,,,,,,,,,,,,,,,,,,,,,,,,,,,,,,,,,,,,,,,,,,,,,,,,,,,,,,,,,,,,,,,,,,,,,,,,,,,,,,,,,,,,,,,,,,,,,,,,,,,,,,,,,,,,,,,,,,,,,,,,,,,,,,,,,,,,,,,,,,,,,,,,,,,,,,,,,,,,,,,,,,,,,,,,,,,,,,,,,,,,,,,,,,,,,,,,,,,,,,,,,,,,,,,,,,,,,,,,,,,,,,,,,,,,,,,,,,,,,,,,,,,,,,,,,,,,0.0006814471781227679,0.0006814471781227679,0.0006814471781227679,0.0006814471781227679,0.0006814471781227679,0.0006814471781227679,0.0006814471781227679,0.0006814471781227679,0.0006814471781227679,0.0006814471781227679,0.0006814471781227679,0.0006814471781227679,0.0006814471781227679,0.0006814471781227679,0.0006814471781227679,0.0006814471781227679,0.0006814471781227679,0.0006814471781227679,0.0006814471781227679,0.0006814471781227679,0.0006814471781227679,0.0006814471781227679,0.0006814471781227679,0.0006814471781227679,0.0006814471781227679,0.0006814471781227679,0.0006814471781227679,0.0006814471781227679,0.0006814471781227679,0.0006814471781227679,0.0006814471781227679,0.0006814471781227679,0.0006814471781227679,0.0006814471781227679,0.0006814471781227679,0.0006814471781227679,0.0006814471781227679,0.0006814471781227679,0.0006814471781227679,0.0006814471781227679,0.0006814471781227679,0.0006814471781227679,0.0006814471781227679,0.0006814471781227679,0.0006814471781227679,0.0006814471781227679,0.0006814471781227679,0.0006814471781227679,0.0006814471781227679,0.0006814471781227679,0.0006814471781227679,0.0006814471781227679,0.0006814471781227679,0.0006814471781227679,0.0006814471781227679,0.0006814471781227679,0.0006814471781227679,0.0006814471781227679,0.0006814471781227679,0.0006814471781227679,0.0006814471781227679,0.0006814471781227679,0.0006814471781227679,0.0006814471781227679,0.0006814471781227679,0.0006814471781227679,0.0006814471781227679,0.0006814471781227679,0.0006814471781227679,0.0006814471781227679,0.0006814471781227679,0.0006814471781227679,0.0006814471781227679,0.0006814471781227679,0.0006814471781227679,0.0006814471781227679,0.0006814471781227679,0.0006814471781227679,0.0006814471781227679,0.0006814471781227679,0.0006814471781227679,0.0006814471781227679,0.0006814471781227679,0.0006814471781227679,0.0006814471781227679,0.0006814471781227679,0.0006814471781227679,0.0006814471781227679,0.0006814471781227679,0.0006814471781227679,0.0006814471781227679,0.0006814471781227679,0.0006814471781227679,0.0006814471781227679,0.0006814471781227679,0.0006814471781227679,0.0006814471781227679,0.0006814471781227679,0.0006814471781227679,0.0006814471781227679,0.0006814471781227679,0.0006814471781227679,0.0006814471781227679,0.0006814471781227679,0.0006814471781227679,0.0006814471781227679,0.0006814471781227679,0.0006814471781227679,0.0006814471781227679,0.0006814471781227679,0.0006814471781227679,0.0006814471781227679,0.0006814471781227679,0.0006814471781227679,0.0006814471781227679,0.0006814471781227679,0.0006814471781227679,0.0006814471781227679,0.0006814471781227679,0.0006814471781227679,0.0006814471781227679,0.0006814471781227679,0.0006814471781227679,0.0006814471781227679,0.0006814471781227679
,,,,,,,,,,,,,,,,,,,,,,,,,,,,,,,,,,,,,,,,,,,,,,,,,,,,,,,,,,,,,,,,,,,,,,,,,,,,,,,,,,,,,,,,,,,,,,,,,,,,,,,,,,,,,,,,,,,,,,,,,,,,,,,,,,,,,,,,,,,,,,,,,,,,,,,,,,,,,,,,,,,,,,,,,,,,,,,,,,,,,,,,,,,,,,,,,,,,,,,,,,,,,,,,,,,,,,,,,,,,,,,,,,,,,,,,,,,,,,,,,,,,,,,,,,,,,,,,,,,,,,,,,,,,,,,,,,,,,,,,,,,,,,,,,,,,,,,,,,,,,,,,,,,,,,,,,,,,,,,,,,,,,,,,,,,,,,,,,,,,,,,,,,,,,,,,,,,,,,,,,,,,,,,,,,,,,,,0.00036437585523675425,0.00036437585523675425,0.00036437585523675425,0.00036437585523675425,0.00036437585523675425,0.00036437585523675425,0.00036437585523675425,0.00036437585523675425,0.00036437585523675425,0.00036437585523675425,0.00036437585523675425,0.00036437585523675425,0.00036437585523675425,0.00036437585523675425,0.00036437585523675425,0.00036437585523675425,0.00036437585523675425,0.00036437585523675425,0.00036437585523675425,0.00036437585523675425,0.00036437585523675425,0.00036437585523675425,0.00036437585523675425,0.00036437585523675425,0.00036437585523675425,0.00036437585523675425,0.00036437585523675425,0.00036437585523675425,0.00036437585523675425,0.00036437585523675425,0.00036437585523675425,0.00036437585523675425,0.00036437585523675425,0.00036437585523675425,0.00036437585523675425,0.00036437585523675425,0.00036437585523675425,0.00036437585523675425,0.00036437585523675425,0.00036437585523675425,0.00036437585523675425,0.00036437585523675425,0.00036437585523675425,0.00036437585523675425,0.00036437585523675425,0.00036437585523675425,0.00036437585523675425,0.00036437585523675425,0.00036437585523675425,0.00036437585523675425,0.00036437585523675425,0.00036437585523675425,0.00036437585523675425,0.00036437585523675425,0.00036437585523675425,0.00036437585523675425,0.00036437585523675425,0.00036437585523675425,0.00036437585523675425,0.00036437585523675425,0.00036437585523675425,0.00036437585523675425,0.00036437585523675425,0.00036437585523675425,0.00036437585523675425,0.00036437585523675425,0.00036437585523675425,0.00036437585523675425,0.00036437585523675425,0.00036437585523675425,0.00036437585523675425,0.00036437585523675425,0.00036437585523675425,0.00036437585523675425,0.00036437585523675425,0.00036437585523675425,0.00036437585523675425,0.00036437585523675425,0.00036437585523675425,0.00036437585523675425,0.00036437585523675425,0.00036437585523675425,0.00036437585523675425,0.00036437585523675425,0.00036437585523675425,0.00036437585523675425,0.00036437585523675425,0.00036437585523675425,0.00036437585523675425,0.00036437585523675425,0.00036437585523675425,0.00036437585523675425,0.00036437585523675425,0.00036437585523675425,0.00036437585523675425,0.00036437585523675425,0.00036437585523675425,0.00036437585523675425,0.00036437585523675425,0.00036437585523675425,0.00036437585523675425,0.00036437585523675425,0.00036437585523675425,0.00036437585523675425,0.00036437585523675425,0.00036437585523675425,0.00036437585523675425,0.00036437585523675425,0.00036437585523675425,0.00036437585523675425,0.00036437585523675425,0.00036437585523675425,0.00036437585523675425,0.00036437585523675425,0.00036437585523675425,0.00036437585523675425,0.00036437585523675425,0.00036437585523675425,0.00036437585523675425,0.00036437585523675425,0.00036437585523675425,0.00036437585523675425,0.00036437585523675425,0.00036437585523675425,0.00036437585523675425
,,,,,,,,,,,,,,,,,,,,,,,,,,,,,,,,,,,,,,,,,,,,,,,,,,,,,,,,,,,,,,,,,,,,,,,,,,,,,,,,,,,,,,,,,,,,,,,,,,,,,,,,,,,,,,,,,,,,,,,,,,,,,,,,,,,,,,,,,,,,,,,,,,,,,,,,,,,,,,,,,,,,,,,,,,,,,,,,,,,,,,,,,,,,,,,,,,,,,,,,,,,,,,,,,,,,,,,,,,,,,,,,,,,,,,,,,,,,,,,,,,,,,,,,,,,,,,,,,,,,,,,,,,,,,,,,,,,,,,,,,,,,,,,,,,,,,,,,,,,,,,,,,,,,,,,,,,,,,,,,,,,,,,,,,,,,,,,,,,,,,,,,,,,,,,,,,,,,,,,,,,,,,,,,,,,,,,,0.00010079499455147351,0.00010079499455147351,0.00010079499455147351,0.00010079499455147351,0.00010079499455147351,0.00010079499455147351,0.00010079499455147351,0.00010079499455147351,0.00010079499455147351,0.00010079499455147351,0.00010079499455147351,0.00010079499455147351,0.00010079499455147351,0.00010079499455147351,0.00010079499455147351,0.00010079499455147351,0.00010079499455147351,0.00010079499455147351,0.00010079499455147351,0.00010079499455147351,0.00010079499455147351,0.00010079499455147351,0.00010079499455147351,0.00010079499455147351,0.00010079499455147351,0.00010079499455147351,0.00010079499455147351,0.00010079499455147351,0.00010079499455147351,0.00010079499455147351,0.00010079499455147351,0.00010079499455147351,0.00010079499455147351,0.00010079499455147351,0.00010079499455147351,0.00010079499455147351,0.00010079499455147351,0.00010079499455147351,0.00010079499455147351,0.00010079499455147351,0.00010079499455147351,0.00010079499455147351,0.00010079499455147351,0.00010079499455147351,0.00010079499455147351,0.00010079499455147351,0.00010079499455147351,0.00010079499455147351,0.00010079499455147351,0.00010079499455147351,0.00010079499455147351,0.00010079499455147351,0.00010079499455147351,0.00010079499455147351,0.00010079499455147351,0.00010079499455147351,0.00010079499455147351,0.00010079499455147351,0.00010079499455147351,0.00010079499455147351,0.00010079499455147351,0.00010079499455147351,0.00010079499455147351,0.00010079499455147351,0.00010079499455147351,0.00010079499455147351,0.00010079499455147351,0.00010079499455147351,0.00010079499455147351,0.00010079499455147351,0.00010079499455147351,0.00010079499455147351,0.00010079499455147351,0.00010079499455147351,0.00010079499455147351,0.00010079499455147351,0.00010079499455147351,0.00010079499455147351,0.00010079499455147351,0.00010079499455147351,0.00010079499455147351,0.00010079499455147351,0.00010079499455147351,0.00010079499455147351,0.00010079499455147351,0.00010079499455147351,0.00010079499455147351,0.00010079499455147351,0.00010079499455147351,0.00010079499455147351,0.00010079499455147351,0.00010079499455147351,0.00010079499455147351,0.00010079499455147351,0.00010079499455147351,0.00010079499455147351,0.00010079499455147351,0.00010079499455147351,0.00010079499455147351,0.00010079499455147351,0.00010079499455147351,0.00010079499455147351,0.00010079499455147351,0.00010079499455147351,0.00010079499455147351,0.00010079499455147351,0.00010079499455147351,0.00010079499455147351,0.00010079499455147351,0.00010079499455147351,0.00010079499455147351,0.00010079499455147351,0.00010079499455147351,0.00010079499455147351,0.00010079499455147351,0.00010079499455147351,0.00010079499455147351,0.00010079499455147351,0.00010079499455147351,0.00010079499455147351,0.00010079499455147351,0.00010079499455147351,0.00010079499455147351,0.00010079499455147351,0.00010079499455147351
,,,,,,,,,,,,,,,,,,,,,,,,,,,,,,,,,,,,,,,,,,,,,,,,,,,,,,,,,,,,,,,,,,,,,,,,,,,,,,,,,,,,,,,,,,,,,,,,,,,,,,,,,,,,,,,,,,,,,,,,,,,,,,,,,,,,,,,,,,,,,,,,,,,,,,,,,,,,,,,,,,,,,,,,,,,,,,,,,,,,,,,,,,,,,,,,,,,,,,,,,,,,,,,,,,,,,,,,,,,,,,,,,,,,,,,,,,,,,,,,,,,,,,,,,,,,,,,,,,,,,,,,,,,,,,,,,,,,,,,,,,,,,,,,,,,,,,,,,,,,,,,,,,,,,,,,,,,,,,,,,,,,,,,,,,,,,,,,,,,,,,,,,,,,,,,,,,,,,,,,,,,,,,,,,,,,,,,8.799223206264722e-06,8.799223206264722e-06,8.799223206264722e-06,8.799223206264722e-06,8.799223206264722e-06,8.799223206264722e-06,8.799223206264722e-06,8.799223206264722e-06,8.799223206264722e-06,8.799223206264722e-06,8.799223206264722e-06,8.799223206264722e-06,8.799223206264722e-06,8.799223206264722e-06,8.799223206264722e-06,8.799223206264722e-06,8.799223206264722e-06,8.799223206264722e-06,8.799223206264722e-06,8.799223206264722e-06,8.799223206264722e-06,8.799223206264722e-06,8.799223206264722e-06,8.799223206264722e-06,8.799223206264722e-06,8.799223206264722e-06,8.799223206264722e-06,8.799223206264722e-06,8.799223206264722e-06,8.799223206264722e-06,8.799223206264722e-06,8.799223206264722e-06,8.799223206264722e-06,8.799223206264722e-06,8.799223206264722e-06,8.799223206264722e-06,8.799223206264722e-06,8.799223206264722e-06,8.799223206264722e-06,8.799223206264722e-06,8.799223206264722e-06,8.799223206264722e-06,8.799223206264722e-06,8.799223206264722e-06,8.799223206264722e-06,8.799223206264722e-06,8.799223206264722e-06,8.799223206264722e-06,8.799223206264722e-06,8.799223206264722e-06,8.799223206264722e-06,8.799223206264722e-06,8.799223206264722e-06,8.799223206264722e-06,8.799223206264722e-06,8.799223206264722e-06,8.799223206264722e-06,8.799223206264722e-06,8.799223206264722e-06,8.799223206264722e-06,8.799223206264722e-06,8.799223206264722e-06,8.799223206264722e-06,8.799223206264722e-06,8.799223206264722e-06,8.799223206264722e-06,8.799223206264722e-06,8.799223206264722e-06,8.799223206264722e-06,8.799223206264722e-06,8.799223206264722e-06,8.799223206264722e-06,8.799223206264722e-06,8.799223206264722e-06,8.799223206264722e-06,8.799223206264722e-06,8.799223206264722e-06,8.799223206264722e-06,8.799223206264722e-06,8.799223206264722e-06,8.799223206264722e-06,8.799223206264722e-06,8.799223206264722e-06,8.799223206264722e-06,8.799223206264722e-06,8.799223206264722e-06,8.799223206264722e-06,8.799223206264722e-06,8.799223206264722e-06,8.799223206264722e-06,8.799223206264722e-06,8.799223206264722e-06,8.799223206264722e-06,8.799223206264722e-06,8.799223206264722e-06,8.799223206264722e-06,8.799223206264722e-06,8.799223206264722e-06,8.799223206264722e-06,8.799223206264722e-06,8.799223206264722e-06,8.799223206264722e-06,8.799223206264722e-06,8.799223206264722e-06,8.799223206264722e-06,8.799223206264722e-06,8.799223206264722e-06,8.799223206264722e-06,8.799223206264722e-06,8.799223206264722e-06,8.799223206264722e-06,8.799223206264722e-06,8.799223206264722e-06,8.799223206264722e-06,8.799223206264722e-06,8.799223206264722e-06,8.799223206264722e-06,8.799223206264722e-06,8.799223206264722e-06,8.799223206264722e-06,8.799223206264722e-06,8.799223206264722e-06,8.799223206264722e-06,8.799223206264722e-06,8.799223206264722e-06
,,,,,,,,,,,,,,,,,,,,,,,,,,,,,,,,,,,,,,,,,,,,,,,,,,,,,,,,,,,,,,,,,,,,,,,,,,,,,,,,,,,,,,,,,,,,,,,,,,,,,,,,,,,,,,,,,,,,,,,,,,,,,,,,,,,,,,,,,,,,,,,,,,,,,,,,,,,,,,,,,,,,,,,,,,,,,,,,,,,,,,,,,,,,,,,,,,,,,,,,,,,,,,,,,,,,,,,,,,,,,,,,,,,,,,,,,,,,,,,,,,,,,,,,,,,,,,,,,,,,,,,,,,,,,,,,,,,,,,,,,,,,,,,,,,,,,,,,,,,,,,,,,,,,,,,,,,,,,,,,,,,,,,,,,,,,,,,,,,,,,,,,,,,,,,,,,,,,,,,,,,,,,,,,,,,,,,,0.00017796978821765213,0.00017796978821765213,0.00017796978821765213,0.00017796978821765213,0.00017796978821765213,0.00017796978821765213,0.00017796978821765213,0.00017796978821765213,0.00017796978821765213,0.00017796978821765213,0.00017796978821765213,0.00017796978821765213,0.00017796978821765213,0.00017796978821765213,0.00017796978821765213,0.00017796978821765213,0.00017796978821765213,0.00017796978821765213,0.00017796978821765213,0.00017796978821765213,0.00017796978821765213,0.00017796978821765213,0.00017796978821765213,0.00017796978821765213,0.00017796978821765213,0.00017796978821765213,0.00017796978821765213,0.00017796978821765213,0.00017796978821765213,0.00017796978821765213,0.00017796978821765213,0.00017796978821765213,0.00017796978821765213,0.00017796978821765213,0.00017796978821765213,0.00017796978821765213,0.00017796978821765213,0.00017796978821765213,0.00017796978821765213,0.00017796978821765213,0.00017796978821765213,0.00017796978821765213,0.00017796978821765213,0.00017796978821765213,0.00017796978821765213,0.00017796978821765213,0.00017796978821765213,0.00017796978821765213,0.00017796978821765213,0.00017796978821765213,0.00017796978821765213,0.00017796978821765213,0.00017796978821765213,0.00017796978821765213,0.00017796978821765213,0.00017796978821765213,0.00017796978821765213,0.00017796978821765213,0.00017796978821765213,0.00017796978821765213,0.00017796978821765213,0.00017796978821765213,0.00017796978821765213,0.00017796978821765213,0.00017796978821765213,0.00017796978821765213,0.00017796978821765213,0.00017796978821765213,0.00017796978821765213,0.00017796978821765213,0.00017796978821765213,0.00017796978821765213,0.00017796978821765213,0.00017796978821765213,0.00017796978821765213,0.00017796978821765213,0.00017796978821765213,0.00017796978821765213,0.00017796978821765213,0.00017796978821765213,0.00017796978821765213,0.00017796978821765213,0.00017796978821765213,0.00017796978821765213,0.00017796978821765213,0.00017796978821765213,0.00017796978821765213,0.00017796978821765213,0.00017796978821765213,0.00017796978821765213,0.00017796978821765213,0.00017796978821765213,0.00017796978821765213,0.00017796978821765213,0.00017796978821765213,0.00017796978821765213,0.00017796978821765213,0.00017796978821765213,0.00017796978821765213,0.00017796978821765213,0.00017796978821765213,0.00017796978821765213,0.00017796978821765213,0.00017796978821765213,0.00017796978821765213,0.00017796978821765213,0.00017796978821765213,0.00017796978821765213,0.00017796978821765213,0.00017796978821765213,0.00017796978821765213,0.00017796978821765213,0.00017796978821765213,0.00017796978821765213,0.00017796978821765213,0.00017796978821765213,0.00017796978821765213,0.00017796978821765213,0.00017796978821765213,0.00017796978821765213,0.00017796978821765213,0.00017796978821765213,0.00017796978821765213,0.00017796978821765213,0.00017796978821765213
