,,,,,,,,,,,,,,,,,,,,,,,,,,,,,,,,,,,,,,,,,,,,,,,,,,,,,,,,,,,,,,,,,,,,,,,,,,,,,,,,,,,,,,,,,,,,,,,,,,,,,,,,,,,,,,,,,,,,,,,,,,,,,,,,,,,,,,,,,,,,,,,,,,,,,,,,,,,,,,,,,,,,,,,,,,,,,,,,,,,,,,,,,,,,,,,,,,,,,,,,,,,,,,,,,,,,,,,,,,,,,,,,,,,,,,,,,,,,,,,,,,,,,,,,,,,,,,,,,,,,,,,,,,,,,,,,,,,,,,,,,,,,,,,,,,,,,,,,,,,,,,,,,,,,,,,,,,,,,,,,,,,,,,,,,,,,,,,,,,,,,,,,,,,,,,,,,,,,,,,,,,,,,,,,,,,,,,,,,,-0.0012490371009334922,-0.0013405802892521024,-0.0015110706444829702,-0.0013811808312311769,-0.0012753648916259408,-0.00099759001750499,-0.0004110069712623954,0.0002241106703877449,0.000652325339615345,0.0009038296993821859,0.0008950361516326666,0.000805871794000268,0.000509606790728867,0.00022338866256177425,0.0002897855592891574,0.00048623012844473124,0.00039869663305580616,0.00011272076517343521,2.028467133641243e-05,4.247657489031553e-05,0.00013378984294831753,0.00023609097115695477,0.0002799401991069317,0.00017993722576647997,-2.8625596314668655e-05,-0.00014471565373241901,-0.0002776702167466283,-0.0006002180161885917,-0.0004849276738241315,-0.00019446411170065403,-0.0007665124139748514,-0.0011536841047927737,-0.001147864619269967,-0.0007117143250070512,-0.00012050836812704802,0.0003918268484994769,0.0005486378213390708,0.000285860151052475,3.3365096896886826e-05,3.038544673472643e-05,-0.0003354287473484874,-0.000655926822219044,-0.0013678701361641288,-0.0013858077581971884,-0.0009964320342987776,-0.0004004905931651592,2.984539605677128e-05,0.00019155640620738268,0.000346964574418962,0.00020339235197752714,0.00011612731032073498,0.00020409747958183289,0.00034444662742316723,0.000339705147780478,5.536363460123539e-05,-8.008652366697788e-05,-6.358535028994083e-05,-0.0003018187126144767,-0.0008327149553224444,-0.000995037262327969,-0.0006332153570838273,-0.00036185007775202394,-0.0005147585179656744,-0.0014313546707853675,-0.0015176445012912154,-0.0009540674509480596,-0.0003733951598405838,1.567357685416937e-05,0.0001768958754837513,0.00026070233434438705,0.00019720930140465498,0.00017276336438953876,0.00022315012756735086,0.00016929605044424534,1.1020805686712265e-05,3.6264536902308464e-06,-0.00018528068903833628,-0.0005356445908546448,-0.0004569134907796979,-0.0003838076372630894,-0.0009519880404695868,-0.0013660071417689323,-0.0014151129871606827,-0.0011258686427026987,-0.001330442144535482,-0.0012979279272258282,-0.0008534640073776245,-0.0004564372939057648,-0.00016283581499010324,0.00015133817214518785,0.00047113304026424885,0.0006452121306210756,0.0005136081017553806,0.0003436792176216841,0.00023469061125069857,-0.00023639912251383066,-0.0005510912742465734,-0.0004230407648719847,-0.000172037398442626,-7.369450759142637e-05,-0.0001355077838525176,-0.0003107751253992319,-0.0005827848799526691,-0.0007771350792609155,-0.0006193956360220909,-0.0003525521024130285,-0.0001812422415241599,-0.00014905096031725407,-0.00018415134400129318,-0.0004122898681089282,-0.000591244432143867,-0.0004833422717638314,-0.00023797270841896534,-7.334421388804913e-05,-2.4082371965050697e-05,1.9583385437726974e-05,9.431736543774605e-06,-0.00020271993707865477,-0.0002984034363180399,-0.0004106797860004008,-0.0003045258345082402,-0.00016366271302103996,-0.0001715101534500718,-0.00016245490405708551,-2.8446782380342484e-05,-0.00012348685413599014
,,,,,,,,,,,,,,,,,,,,,,,,,,,,,,,,,,,,,,,,,,,,,,,,,,,,,,,,,,,,,,,,,,,,,,,,,,,,,,,,,,,,,,,,,,,,,,,,,,,,,,,,,,,,,,,,,,,,,,,,,,,,,,,,,,,,,,,,,,,,,,,,,,,,,,,,,,,,,,,,,,,,,,,,,,,,,,,,,,,,,,,,,,,,,,,,,,,,,,,,,,,,,,,,,,,,,,,,,,,,,,,,,,,,,,,,,,,,,,,,,,,,,,,,,,,,,,,,,,,,,,,,,,,,,,,,,,,,,,,,,,,,,,,,,,,,,,,,,,,,,,,,,,,,,,,,,,,,,,,,,,,,,,,,,,,,,,,,,,,,,,,,,,,,,,,,,,,,,,,,,,,,,,,,,,,,,,,,,,-0.0003088341618422419,-0.0003134738653898239,-0.0003239059296902269,-0.00028370117070153356,-0.000289110786980018,-0.0002807449200190604,-0.00019720979616977274,-0.00012056108971592039,-0.00010258532711304724,-0.00012579659232869744,-0.00019676800002343953,-0.0002061801205854863,-0.00018093576363753527,-0.0002289853582624346,-0.000290523050352931,-0.00028457396547310054,-0.0001965125120477751,-0.000173657521372661,-0.00019301200518384576,-0.00022667615849059075,-0.00024526967899873853,-0.0002750061103142798,-0.00033157120924443007,-0.00039727240800857544,-0.00041254007373936474,-0.0004128678992856294,-0.0004171349573880434,-0.000382814381737262,-0.0003229639842174947,-0.0002800706715788692,-0.0002965369203593582,-0.0003227947454433888,-0.00036265849485062063,-0.0003739943786058575,-0.00036453641951084137,-0.0003707060241140425,-0.00039800064405426383,-0.00038562025292776525,-0.00037759728729724884,-0.0003684718394652009,-0.0003825838794000447,-0.0003598970943130553,-0.0003535223950166255,-0.0003758151433430612,-0.00037838140269741416,-0.0003500900056678802,-0.0003345031291246414,-0.0003379764093551785,-0.00033898098627105355,-0.00034484564093872905,-0.0003360014234203845,-0.00031283573480322957,-0.0003120782785117626,-0.00029644762980751693,-0.0003037364804185927,-0.00032551935873925686,-0.000340775353834033,-0.0003488647344056517,-0.0003158884646836668,-0.0003244111139792949,-0.00034592190058901906,-0.0003472917596809566,-0.00035614584339782596,-0.00037306809099391103,-0.0003672731982078403,-0.00029638895648531616,-0.0002952131617348641,-0.00031781080178916454,-0.0002941348066087812,-0.0003060902818106115,-0.000338839105097577,-0.000315732293529436,-0.0002392696333117783,-0.00023986912856344134,-0.0002848896838258952,-0.00026087049627676606,-0.00025154766626656055,-0.00017669911903794855,-0.00014817251940257847,-5.494192009791732e-05,-8.455492206849158e-05,-0.00019830719975288957,-0.0002885993162635714,-0.00035531914909370244,-0.00031807494815438986,-0.00024726660922169685,-0.0002395356132183224,-0.00016418732411693782,-8.82636959431693e-05,2.0244449842721224e-05,-5.294702714309096e-05,-3.4751719795167446e-05,-0.00012950546806678176,-0.00020694479462690651,-0.0003136276500299573,-0.000301894178846851,-0.0002541865687817335,-0.0003064395277760923,-0.00029060663655400276,-0.00020447600400075316,-0.00012140479520894587,-0.00017057996592484415,-0.00021733425091952085,-0.0002927613095380366,-0.0003804740554187447,-0.0003955200663767755,-0.00042551170918159187,-0.0004414560680743307,-0.0004226202436257154,-0.0004240292473696172,-0.00036556890700012445,-0.0002613941323943436,-0.00019493135914672166,-0.00014618270506616682,-0.00016527686966583133,-0.0001406555384164676,-6.635961472056806e-05,-3.900853334926069e-05,-7.702325819991529e-05,-0.0001465953391743824,-0.00018537425785325468,-0.00030264907400123775,-0.00037101597990840673,-0.00040043797343969345,-0.0004277002008166164,-0.0004393113777041435
,,,,,,,,,,,,,,,,,,,,,,,,,,,,,,,,,,,,,,,,,,,,,,,,,,,,,,,,,,,,,,,,,,,,,,,,,,,,,,,,,,,,,,,,,,,,,,,,,,,,,,,,,,,,,,,,,,,,,,,,,,,,,,,,,,,,,,,,,,,,,,,,,,,,,,,,,,,,,,,,,,,,,,,,,,,,,,,,,,,,,,,,,,,,,,,,,,,,,,,,,,,,,,,,,,,,,,,,,,,,,,,,,,,,,,,,,,,,,,,,,,,,,,,,,,,,,,,,,,,,,,,,,,,,,,,,,,,,,,,,,,,,,,,,,,,,,,,,,,,,,,,,,,,,,,,,,,,,,,,,,,,,,,,,,,,,,,,,,,,,,,,,,,,,,,,,,,,,,,,,,,,,,,,,,,,,,,,,,,0.0005089903715997934,0.00020003571989946067,-0.0007602254045195878,-6.037071580067277e-05,0.001968521624803543,-0.00014461338287219405,0.0011448203586041927,0.0011660936288535595,0.0012283765245229006,2.579233841970563e-05,0.000356766686309129,-0.0005077683017589152,0.001445285277441144,0.0010219044052064419,0.00028744805604219437,0.0004945849650539458,0.00010258430847898126,0.0008099315455183387,0.0001731400261633098,-0.00022494635777547956,-0.0011106992606073618,0.0005905081052333117,2.0124309230595827e-05,0.0010155497584491968,0.0007573821349069476,0.0003750861797016114,-0.0005398359498940408,0.0005052048363722861,-0.000447527680080384,-0.00023377628531306982,0.0009965524077415466,3.392426879145205e-05,0.0009773118654266,-0.0004823019844479859,0.0011925565777346492,0.0016948136035352945,0.0013853705022484064,0.0005084226140752435,1.849510590545833e-05,0.0011360073694959283,0.0003915448905900121,0.001051259459927678,0.0005403602262958884,0.00021811385522596538,0.0007220082334242761,0.0007070146966725588,0.00037480975151993334,0.0011985695455223322,0.00019188571604900062,-0.00018657237524166703,0.000745581928640604,0.0011776741594076157,0.00016284402227029204,0.00043385440949350595,0.0006974889547564089,0.000343751918990165,0.00017821870278567076,0.00046243012184277177,0.0011605338659137487,0.0005942019633948803,0.00014518454554490745,0.0008402389939874411,0.000192497594980523,0.0010395303834229708,0.000555751146748662,0.000535861006937921,0.00022054518922232091,0.00023860999499447644,0.00010387221118435264,0.0011185035109519958,0.0003811362839769572,0.0007947970880195498,3.11974436044693e-05,0.00035564444260671735,0.00076117372373119,0.00011735488078556955,0.0010549225844442844,0.0002679934841580689,0.0005597585113719106,0.0013954455498605967,0.0009950636886060238,0.0002623936743475497,0.0005039485404267907,-0.00011747167445719242,0.0001756658311933279,0.00026616023387759924,0.0001903903903439641,-0.00021312909666448832,-0.00018943124450743198,0.0008742994978092611,0.0007767158094793558,0.00040607500704936683,8.912963676266372e-05,0.0003316942020319402,0.0005263208295218647,3.1743955332785845e-05,0.00017695536371320486,0.0011449831072241068,0.0011595378164201975,0.0009446306503377855,0.0006456024711951613,0.000862307264469564,8.803530363366008e-05,0.0008088408503681421,0.0004985072300769389,0.0008322559297084808,0.0003061644674744457,0.0002868364390451461,0.00027826009318232536,0.0006633239681832492,0.0006206391844898462,0.0005849598092027009,0.0006370971677824855,0.0004721288860309869,0.000203485949896276,0.0007311180816031992,0.000429242558311671,0.0003102828050032258,0.0003052923711948097,0.0008745901868678629,0.0007867622189223766,6.679625948891044e-05,0.000861785956658423,0.00034644734114408493,2.1886429749429226e-05,0.0007317739655263722
,,,,,,,,,,,,,,,,,,,,,,,,,,,,,,,,,,,,,,,,,,,,,,,,,,,,,,,,,,,,,,,,,,,,,,,,,,,,,,,,,,,,,,,,,,,,,,,,,,,,,,,,,,,,,,,,,,,,,,,,,,,,,,,,,,,,,,,,,,,,,,,,,,,,,,,,,,,,,,,,,,,,,,,,,,,,,,,,,,,,,,,,,,,,,,,,,,,,,,,,,,,,,,,,,,,,,,,,,,,,,,,,,,,,,,,,,,,,,,,,,,,,,,,,,,,,,,,,,,,,,,,,,,,,,,,,,,,,,,,,,,,,,,,,,,,,,,,,,,,,,,,,,,,,,,,,,,,,,,,,,,,,,,,,,,,,,,,,,,,,,,,,,,,,,,,,,,,,,,,,,,,,,,,,,,,,,,,,,,0.0010427412344142795,0.0009997505694627762,0.0007280509453266859,0.0011288316454738379,0.0009093217668123543,0.00041030545253306627,0.0010661204578354955,0.0007524546235799789,0.0009506577043794096,0.0010488502448424697,0.0009181800996884704,0.0009588453103788197,0.00028458284214138985,0.0012193642323836684,0.001210958929732442,0.000771774910390377,0.000986932311207056,0.001031514024361968,0.0009973053820431232,0.0009197400650009513,0.0006745124701410532,0.000889200484380126,0.0011960050323978066,0.0008601679583080113,0.0009001092985272408,0.0008814067114144564,0.0010380211751908064,0.0006362842977978289,0.00032289576483890414,0.0006141507183201611,0.0009692714083939791,0.0012281655799597502,0.001066106022335589,0.000145161640830338,0.0012371221091598272,0.0012305836426094174,0.0006620502099394798,0.0004769351508002728,0.0010640950640663505,0.0005354273016564548,0.00036129169166088104,0.0009461752488277853,0.00020353245781734586,0.0010338491993024945,0.0008031526231206954,0.000992276705801487,0.0013757921988144517,0.0007867095409892499,0.0004970481968484819,0.0013018054887652397,0.0012175266165286303,0.0009154521976597607,0.000643230858258903,0.0012991986004635692,0.0009229879942722619,0.0009959200397133827,0.0009086740901693702,0.0007262802682816982,0.0010229238541796803,0.000748727354221046,0.0009692831663414836,0.0006119245081208646,0.0004923916421830654,0.0008869664161466062,0.0005030139582231641,0.0010573416948318481,0.0005682622431777418,0.0008544120355509222,0.0013503719819709659,0.0012041251175105572,0.0008660360472276807,0.000894406228326261,0.0011560255661606789,0.0009770739125087857,0.0010367698268964887,0.0010785143822431564,0.0005720859626308084,0.0007495980244129896,0.00043932755943387747,0.0009330001776106656,0.0007317418931052089,0.0010840364266186953,0.0009690325823612511,0.00044445873936638236,0.0011341064237058163,0.00038099009543657303,0.0005996081745252013,0.0009559881291352212,0.0013220621040090919,0.0007492177537642419,0.0002218878362327814,0.0008951532654464245,0.0005919759278185666,0.001005731406621635,0.0011917500523850322,0.001232363749295473,0.000838309118989855,0.0001449014525860548,0.00039940892020240426,0.0007362031028605998,0.0006726566352881491,0.0006064686458557844,0.0007912651053629816,0.0009329517488367856,0.00048465945292264223,0.0011302700731903315,0.0006792228668928146,0.000498218578286469,0.0011759365443140268,0.0005907664890401065,0.0013019380858168006,0.001100061577744782,0.00037408986827358603,0.001089713303372264,0.0004455230082385242,0.0012786698061972857,0.0013868779642507434,0.0011695018038153648,0.0010841884650290012,0.001366560929454863,0.000765513046644628,0.0012116526486352086,0.0007082368829287589,0.0005309699336066842,0.00042507186299189925,0.0009322435944341123
,,,,,,,,,,,,,,,,,,,,,,,,,,,,,,,,,,,,,,,,,,,,,,,,,,,,,,,,,,,,,,,,,,,,,,,,,,,,,,,,,,,,,,,,,,,,,,,,,,,,,,,,,,,,,,,,,,,,,,,,,,,,,,,,,,,,,,,,,,,,,,,,,,,,,,,,,,,,,,,,,,,,,,,,,,,,,,,,,,,,,,,,,,,,,,,,,,,,,,,,,,,,,,,,,,,,,,,,,,,,,,,,,,,,,,,,,,,,,,,,,,,,,,,,,,,,,,,,,,,,,,,,,,,,,,,,,,,,,,,,,,,,,,,,,,,,,,,,,,,,,,,,,,,,,,,,,,,,,,,,,,,,,,,,,,,,,,,,,,,,,,,,,,,,,,,,,,,,,,,,,,,,,,,,,,,,,,,,,,0.000489323225338012,0.000649344059638679,0.0005790695431642234,0.0004583077388815582,-0.00011936589726246893,0.0004745575424749404,3.349888720549643e-05,0.0006608245894312859,0.00046521335025317967,0.000669331755489111,0.0006309175514616072,0.0006645281100645661,-6.179878255352378e-05,0.0006072288961149752,0.0005988887860439718,0.0006512054242193699,0.0005342724616639316,0.0005622255266644061,0.0005008617299608886,-0.00028514672885648906,0.0006018825224600732,-0.00038609016337431967,0.00013658724492415786,0.0003173125151079148,0.00033079981221817434,0.0005984839517623186,0.0005139761487953365,0.00027801914256997406,0.0006685575935989618,-0.0003143439826089889,-0.00030134341795928776,0.0005540469428524375,-0.0003558766620699316,-4.501541843637824e-05,-0.00010462870704941452,0.0005369391292333603,0.0005735462764278054,0.0005330903804861009,-0.0002472173946443945,-6.944933556951582e-05,0.0006665685214102268,0.0005475666839629412,-0.00019264649017713964,-5.0560367526486516e-05,-0.00019726957543753088,-9.002743172459304e-05,0.0006733695045113564,0.0001237065007444471,0.0006626531248912215,0.0004970527370460331,0.0005734917358495295,-0.00025870176614262164,-0.00033575514680705965,0.0005199167644605041,0.0006706700078211725,0.0006586839444935322,0.0006026927148923278,0.0005247625522315502,-0.000344747124472633,-0.0002105165331158787,-0.0002791629231069237,0.0003561627818271518,-0.00016432630945928395,-0.00011598705896176398,0.0006168221589177847,-7.285558967851102e-05,0.00032321526668965816,0.0006402581930160522,-0.00022448835079558194,0.0006736165378242731,1.9214930944144726e-06,-0.00010283899609930813,0.00013493408914655447,0.0006698572542518377,-0.00021499328431673348,-0.00013555496116168797,0.0006729090819135308,0.0005289202672429383,0.00025624973932281137,0.00014716674922965467,0.000562303583137691,0.00010307444608770311,-5.181203596293926e-05,0.0006652140291407704,0.0006525680073536932,2.8799084248021245e-05,0.0002139812713721767,0.0006714037153869867,0.0005333442823030055,0.0006732185138389468,0.0006539129535667598,0.0006534499116241932,0.0006724249105900526,0.0006726349238306284,0.0006323647685348988,-0.00019311645883135498,-6.984607898630202e-05,-0.00020806732936762273,-0.0003083761839661747,0.00011180585715919733,0.00042543024756014347,0.0004396807635203004,0.0005919472896493971,0.0004478692135307938,0.0006581640336662531,0.00020708977535832673,0.0005877406219951808,0.0006120055913925171,0.00044947766582481563,0.000508915341924876,0.0004745645564980805,0.0005986168398521841,-0.00023242624592967331,0.0002987813204526901,3.8322817999869585e-05,0.00028903037309646606,0.00040467100916430354,0.0006714559276588261,0.0001349802187178284,0.00010486115934327245,0.0004253899969626218,0.0005472472403198481,0.00013191855396144092,0.0005455664941109717,9.056198177859187e-05,0.0005786478286609054
,,,,,,,,,,,,,,,,,,,,,,,,,,,,,,,,,,,,,,,,,,,,,,,,,,,,,,,,,,,,,,,,,,,,,,,,,,,,,,,,,,,,,,,,,,,,,,,,,,,,,,,,,,,,,,,,,,,,,,,,,,,,,,,,,,,,,,,,,,,,,,,,,,,,,,,,,,,,,,,,,,,,,,,,,,,,,,,,,,,,,,,,,,,,,,,,,,,,,,,,,,,,,,,,,,,,,,,,,,,,,,,,,,,,,,,,,,,,,,,,,,,,,,,,,,,,,,,,,,,,,,,,,,,,,,,,,,,,,,,,,,,,,,,,,,,,,,,,,,,,,,,,,,,,,,,,,,,,,,,,,,,,,,,,,,,,,,,,,,,,,,,,,,,,,,,,,,,,,,,,,,,,,,,,,,,,,,,,,,0.00028269621543586254,-0.0007005977677181363,0.0006159255281090736,-0.0003049404767807573,0.0015924148028716445,0.00019025863730348647,-0.00013216372462920845,-0.0007857538294047117,1.125189010053873e-05,0.0012697066413238645,-0.0008307587122544646,-0.0008295276202261448,0.001452001859433949,0.0007301135919988155,0.000670289562549442,0.0006853846134617925,0.00021371638285927474,-0.00017858613864518702,1.3655750080943108e-05,-6.547107477672398e-05,-0.0009716948261484504,0.0003949720994569361,-0.00012044273898936808,0.00042332152952440083,-0.0006159142358228564,0.0015910809161141515,0.0007143279071897268,-0.000282645778497681,-0.0005298972828313708,0.0007213255157694221,-0.00021151095279492438,0.0006940457969903946,0.0006057676509954035,-0.00030002210405655205,0.00012014343519695103,-0.0003816950193140656,-0.0008390318835154176,-9.649476851336658e-05,0.0020695552229881287,0.0015973973786458373,0.0004112359310965985,0.0008225184283219278,0.0014400742948055267,-0.0001999922387767583,-0.00034409514046274126,-0.0004502731317188591,-0.0008999448036774993,-0.00017566795577295125,-0.0008525678422302008,-0.00021619469043798745,0.0017067136941477656,0.0014907375443726778,-0.0001947165874298662,-0.001039064140059054,0.0008275555446743965,0.00031581614166498184,0.0010107901180163026,-0.000586619833484292,-0.0005876783980056643,-0.0002540406712796539,0.00040237620123662055,0.0002589632640592754,0.0014118185499683022,0.0022572472225874662,0.0006009169737808406,0.0004575219936668873,0.0011553916847333312,0.00028717610985040665,-0.00014442417887039483,-0.0008888844167813659,0.0005291160778142512,0.0019356984412297606,0.0010700993007048965,0.0012987025547772646,-0.00021153994021005929,-0.0007679029367864132,-0.00014759277109988034,0.00011786175309680402,-0.001116324681788683,-0.001151121105067432,0.0008491398184560239,0.0006185289821587503,0.002196916611865163,0.000662701902911067,0.0004717453266493976,0.0006583053036592901,0.0009338102536275983,0.0003113001002930105,-0.00023280459572561085,0.0004749483778141439,0.003701788140460849,0.0012405295856297016,0.0018838312244042754,0.0006616245373152196,0.0005969515186734498,-0.00020006645354442298,-0.0006508870283141732,-0.0010030557168647647,-0.000740585383027792,0.0009087795624509454,0.0037224593106657267,0.0042110625654459,0.00048124848399311304,0.0017788284458220005,-0.001107682823203504,0.00024202723579946905,-0.00010881407069973648,0.0014772971626371145,0.0005390691221691668,0.0006574358558282256,0.00018336664652451873,-0.0007936088368296623,-0.002090182388201356,-0.0006772673223167658,0.00016908158431760967,0.0018173630814999342,0.001227087341248989,0.002211807295680046,0.00202416954562068,0.00027526990743353963,-0.0003771019109990448,-0.001403018250130117,-0.00100329564884305,0.00040186941623687744,-0.0008306647650897503,-2.0827719708904624e-05
,,,,,,,,,,,,,,,,,,,,,,,,,,,,,,,,,,,,,,,,,,,,,,,,,,,,,,,,,,,,,,,,,,,,,,,,,,,,,,,,,,,,,,,,,,,,,,,,,,,,,,,,,,,,,,,,,,,,,,,,,,,,,,,,,,,,,,,,,,,,,,,,,,,,,,,,,,,,,,,,,,,,,,,,,,,,,,,,,,,,,,,,,,,,,,,,,,,,,,,,,,,,,,,,,,,,,,,,,,,,,,,,,,,,,,,,,,,,,,,,,,,,,,,,,,,,,,,,,,,,,,,,,,,,,,,,,,,,,,,,,,,,,,,,,,,,,,,,,,,,,,,,,,,,,,,,,,,,,,,,,,,,,,,,,,,,,,,,,,,,,,,,,,,,,,,,,,,,,,,,,,,,,,,,,,,,,,,,,,0.000383890641387552,0.0008997334516607225,0.000400950841140002,0.00020461372332647443,0.0008898747619241476,-2.4008419131860137e-05,-0.001005271333269775,0.0003173027071170509,-0.00043851364171132445,0.0006728880107402802,0.00095127965323627,0.0011355311144143343,4.7020956117194146e-05,0.0001835132425185293,-0.0006784163415431976,0.0006346383015625179,0.0010128426365554333,0.00040595303289592266,3.7158177292440087e-05,0.0003200858482159674,3.1344628951046616e-05,0.00040366617031395435,0.00038938451325520873,-0.00018025613098870963,0.0004030172131024301,0.0006046492489986122,0.00010973912867484614,0.00038924539694562554,-0.00031523621873930097,0.0001066651166183874,-0.00037965591764077544,0.0007984976400621235,-0.00011725767399184406,0.000266580143943429,-0.00019396805146243423,0.000314408476697281,0.00012031777441734448,8.53600213304162e-05,0.0004935676115565002,0.0011625511106103659,0.00030264968518167734,-0.00013784713519271463,0.0004690051428042352,0.0001299957511946559,0.0014017861103639007,0.0001260077115148306,-7.122615352272987e-05,0.00020052740001119673,-6.843151641078293e-05,0.0005687521188519895,-0.000367675325833261,0.0004900831845588982,-0.0007607503794133663,1.3405500794760883e-05,0.00032620743149891496,0.00031275185756385326,0.0002998735290020704,0.00010812543041538447,0.0004808874218724668,0.0007202473352663219,-0.00041975994827225804,8.640099986223504e-05,-0.00046518153976649046,0.0001502272061770782,-0.00021666895190719515,3.1971867429092526e-05,0.0008570140926167369,0.0005787365371361375,0.0003127050877083093,-2.382128150202334e-05,-0.0008988444460555911,-0.0003428944037295878,-2.572433731984347e-05,0.00012149326357757673,-0.00010141180246137083,0.00024995877174660563,0.0006333335186354816,0.00021450678468681872,-0.0005632151733152568,0.0005819171783514321,-8.307873213198036e-05,-0.0008178548305295408,-0.0008776297327131033,0.0005612159729935229,-0.0003187116817571223,0.00039492332143709064,-0.0009238506900146604,6.782346463296562e-05,0.000991679378785193,0.0008037643856368959,0.00035586883313953876,0.000610517745371908,0.00045738578774034977,0.00015480947331525385,-0.0003673182800412178,0.0012060394510626793,0.00016648271412122995,0.00047340767923742533,-0.0004978912184014916,5.0618662498891354e-05,0.00015971201355569065,0.0006792990025132895,3.369199112057686e-05,0.0005040870746597648,0.0005787914851680398,-7.880407792981714e-05,-0.000415407819673419,0.00023454395704902709,0.0008402065723203123,0.0009102001786231995,-0.00036876980448141694,0.00010059983469545841,-0.00027559755835682154,0.00015513184189330786,-0.00022764412278775126,-0.00027750019216910005,-0.0004690309287980199,0.0022058908361941576,0.0009658305789344013,0.0001297651615459472,0.0002004524285439402,6.396936078090221e-05,0.0001577491930220276,0.0005389837315306067,0.0002719142648857087,0.0001058728012139909
,,,,,,,,,,,,,,,,,,,,,,,,,,,,,,,,,,,,,,,,,,,,,,,,,,,,,,,,,,,,,,,,,,,,,,,,,,,,,,,,,,,,,,,,,,,,,,,,,,,,,,,,,,,,,,,,,,,,,,,,,,,,,,,,,,,,,,,,,,,,,,,,,,,,,,,,,,,,,,,,,,,,,,,,,,,,,,,,,,,,,,,,,,,,,,,,,,,,,,,,,,,,,,,,,,,,,,,,,,,,,,,,,,,,,,,,,,,,,,,,,,,,,,,,,,,,,,,,,,,,,,,,,,,,,,,,,,,,,,,,,,,,,,,,,,,,,,,,,,,,,,,,,,,,,,,,,,,,,,,,,,,,,,,,,,,,,,,,,,,,,,,,,,,,,,,,,,,,,,,,,,,,,,,,,,,,,,,,,,0.00025873311096802354,0.0009091605897992849,0.0009985710494220257,0.0006984596839174628,0.0006316282087936997,0.0006760325049981475,9.788904571905732e-05,0.0005635930574499071,0.0005018640658818185,0.0001356108405161649,0.0008397853234782815,0.00017935439245775342,0.0008287102682515979,0.0007175991195254028,0.0005054667708463967,0.00101844675373286,0.0009156294399872422,0.0006283228285610676,0.0007088858401402831,0.0005119956331327558,0.0006746704457327724,0.000265974405920133,0.0010072803124785423,0.0006604663794860244,0.0008877420332282782,-0.00029760884353891015,0.001193959848023951,0.0018967309733852744,-4.2572966776788235e-05,0.0015497613931074739,0.00234616594389081,0.0006757109076716006,0.0009022435988299549,0.0013369042426347733,0.0005853970069438219,-0.0002062245039269328,0.00021299495710991323,-4.654121585190296e-05,0.000535559025593102,4.118475771974772e-05,0.0008503181161358953,0.00044795131543651223,0.0003086538054049015,0.0007003864739090204,0.0010720414575189352,0.0004927625996060669,0.0011591612128540874,0.0010840906761586666,0.0006706094718538225,0.0003966168442275375,0.0010633333586156368,0.000791155849583447,0.0004726713232230395,0.0007220039260573685,7.933995220810175e-07,0.0006579335313290358,0.0017839589854702353,0.0017232235986739397,0.000962758029345423,0.000918495119549334,7.388010271824896e-05,-0.0002719777403399348,-0.0004503227537497878,0.00135813991073519,0.0009199038613587618,0.0010239998809993267,0.0024019074626266956,0.001701877685263753,0.000943721563089639,0.00041011656867340207,0.0001612341875443235,0.0003435096296016127,0.0005019642412662506,0.0003392841317690909,3.6683835787698627e-05,0.0015267933486029506,0.0006416038377210498,0.00029269017977640033,0.00016274346853606403,0.0002938945544883609,-9.88415558822453e-06,0.00038081497768871486,0.0006532820407301188,0.000892251031473279,0.0005655374843627214,1.9914645235985518e-05,0.0004984976840205491,0.00021457027469296008,0.0003054183616768569,-0.00058419891865924,0.0010089704301208258,0.0021795262582600117,0.000645323540084064,0.0008928497554734349,0.0008792413864284754,0.0003773253411054611,0.001595247769728303,0.0007705677999183536,0.0007212136406451464,0.00273976125754416,0.002046611625701189,3.8133468478918076e-05,0.0008208596264012158,-6.044420297257602e-05,0.002261192537844181,0.0011307946406304836,0.0007247988833114505,0.0008042831323109567,-0.0006934913108125329,0.00011714598804246634,0.0017294075805693865,0.002530366647988558,0.0027816868387162685,0.0018582349875941873,0.0005848308210261166,0.0005717154126614332,0.0003270248125772923,0.0002816974010784179,0.001298928284086287,0.0010489164851605892,0.0003653076128102839,1.9408675143495202e-05,0.0002798704372253269,0.0002424076374154538,-3.33749339915812e-05,-0.00013802660396322608
,,,,,,,,,,,,,,,,,,,,,,,,,,,,,,,,,,,,,,,,,,,,,,,,,,,,,,,,,,,,,,,,,,,,,,,,,,,,,,,,,,,,,,,,,,,,,,,,,,,,,,,,,,,,,,,,,,,,,,,,,,,,,,,,,,,,,,,,,,,,,,,,,,,,,,,,,,,,,,,,,,,,,,,,,,,,,,,,,,,,,,,,,,,,,,,,,,,,,,,,,,,,,,,,,,,,,,,,,,,,,,,,,,,,,,,,,,,,,,,,,,,,,,,,,,,,,,,,,,,,,,,,,,,,,,,,,,,,,,,,,,,,,,,,,,,,,,,,,,,,,,,,,,,,,,,,,,,,,,,,,,,,,,,,,,,,,,,,,,,,,,,,,,,,,,,,,,,,,,,,,,,,,,,,,,,,,,,,,,0.0007369990344159305,0.0007350041996687651,0.0007344448240473866,0.0007315270486287773,0.0007342634489759803,0.0007359992596320808,0.0007399072637781501,0.0007347866194322705,0.0007341104210354388,0.0007349397637881339,0.0007360983290709555,0.000733622582629323,0.0007308711647056043,0.0007353309774771333,0.0007367114303633571,0.0007394716376438737,0.0007330111693590879,0.000736975867766887,0.0007391617400571704,0.000732672808226198,0.0007346950587816536,0.0007401343900710344,0.0007396677974611521,0.0007380098104476929,0.0007382052717730403,0.0007355535635724664,0.0007366020581685007,0.0007280153222382069,0.0007340327720157802,0.0007401081966236234,0.0007399034802801907,0.0007351073436439037,0.0007319293799810112,0.0007339142612181604,0.0007376232533715665,0.0007284785388037562,0.0007327786297537386,0.0007353776600211859,0.0007264473824761808,0.0007341573946177959,0.0007323474274016917,0.0007369918748736382,0.0007298472919501364,0.000735145527869463,0.0007332752575166523,0.0007231957279145718,0.0007376850699074566,0.000739677285309881,0.00073867361061275,0.0007369416998699307,0.0007364865159615874,0.0007376216817647219,0.0007395604043267667,0.0007340152515098453,0.0007342469180002809,0.0007343334145843983,0.000739186187274754,0.0007357596186921,0.0007376170833595097,0.00074002705514431,0.0007311738445423543,0.0007234555087052286,0.0007331273518502712,0.0007297086995095015,0.0007369272643700242,0.0007303847814910114,0.000723999401088804,0.0007321054581552744,0.0007346304482780397,0.0007349617662839592,0.0007368649239651859,0.0007328659994527698,0.0007330512162297964,0.0007327737403102219,0.000734484288841486,0.0007395299035124481,0.00073548051295802,0.0007326771738007665,0.0007369343657046556,0.0007340942393057048,0.0007339949952438474,0.0007401399197988212,0.0007250944036059082,0.0007365790661424398,0.0007378743030130863,0.0007251296192407608,0.0007313759997487068,0.0007318146526813507,0.0007388422382064164,0.0007364396005868912,0.0007373660337179899,0.0007305649342015386,0.0007310339715331793,0.0007372674299404025,0.0007350691012106836,0.000734448607545346,0.0007363536860793829,0.0007389606325887144,0.0007387036457657814,0.0007354714907705784,0.0007331121014431119,0.0007302393787540495,0.0007367291254922748,0.0007369783124886453,0.0007401150651276112,0.0007366904173977673,0.000734498375095427,0.0007342866738326848,0.0007375316927209496,0.0007228660397231579,0.0007340675219893456,0.0007286009495146573,0.0007348587969318032,0.0007321556913666427,0.0007325935293920338,0.0007369575323536992,0.000734986737370491,0.0007362799951806664,0.0007384855998679996,0.0007351924432441592,0.0007373674307018518,0.0007341178716160357,0.000733908440452069,0.0007356636924669147,0.0007363606709986925,0.0007397898007184267
,,,,,,,,,,,,,,,,,,,,,,,,,,,,,,,,,,,,,,,,,,,,,,,,,,,,,,,,,,,,,,,,,,,,,,,,,,,,,,,,,,,,,,,,,,,,,,,,,,,,,,,,,,,,,,,,,,,,,,,,,,,,,,,,,,,,,,,,,,,,,,,,,,,,,,,,,,,,,,,,,,,,,,,,,,,,,,,,,,,,,,,,,,,,,,,,,,,,,,,,,,,,,,,,,,,,,,,,,,,,,,,,,,,,,,,,,,,,,,,,,,,,,,,,,,,,,,,,,,,,,,,,,,,,,,,,,,,,,,,,,,,,,,,,,,,,,,,,,,,,,,,,,,,,,,,,,,,,,,,,,,,,,,,,,,,,,,,,,,,,,,,,,,,,,,,,,,,,,,,,,,,,,,,,,,,,,,,,,,0.0008323394577018917,0.0008241052855737507,0.0008199926232919097,0.0008221394964493811,0.0008213212131522596,0.0008168143685907125,0.0008113289950415492,0.0008090331102721393,0.0008146092295646667,0.0008210172527469695,0.0008229151135310531,0.0008193895919248462,0.0008226265199482441,0.000810131139587611,0.0008227724465541542,0.0008246726938523352,0.0008356481557711959,0.0008309257682412863,0.0008249598904512823,0.0008333480218425393,0.0008142022998072207,0.0008320907945744693,0.0008297334425151348,0.0008199270814657211,0.000816432642750442,0.0008287569507956505,0.0008194369729608297,0.0008278912282548845,0.0008208663202822208,0.0008190633961930871,0.0008281916379928589,0.0008176228147931397,0.0008273589191958308,0.000831566983833909,0.0008232921245507896,0.0008248902158811688,0.0008137064869515598,0.0008264637435786426,0.0008116282406263053,0.0008273400599136949,0.0008097277604974806,0.000828227901365608,0.0008296530577354133,0.0008224773919209838,0.0008168845670297742,0.0008281173650175333,0.0008109672926366329,0.0008274000720120966,0.0008237883448600769,0.0008118629921227694,0.0008274230058304965,0.000823323498480022,0.0008280728361569345,0.0008275884320028126,0.00082542491145432,0.000823735783342272,0.0008098844555206597,0.0008112809155136347,0.0008298098691739142,0.0008303448557853699,0.0008160278666764498,0.0008232436375692487,0.0008259081514552236,0.0008324217051267624,0.000828525866381824,0.0008240228053182364,0.0008264377247542143,0.0008246282231993973,0.0008238005102612078,0.0008157484699040651,0.0008187280036509037,0.0008240520837716758,0.0008221271564252675,0.000827761716209352,0.0008215552661567926,0.0008142672013491392,0.0008257384179159999,0.0008158553391695023,0.0008248031372204423,0.0008199018193408847,0.0008285618969239295,0.0008290469995699823,0.0008203907054848969,0.0008145393803715706,0.0008128301706165075,0.0008231418905779719,0.0008278375607915223,0.0008172192610800266,0.0008280439651571214,0.0008253777050413191,0.0008290628320537508,0.0008255890570580959,0.0008221046882681549,0.0008247088990174234,0.0008253775304183364,0.0008186510531231761,0.0008214335539378226,0.0008270489051938057,0.0008299793698824942,0.0008244412019848824,0.0008214000845327973,0.0008192876121029258,0.0008191323722712696,0.0008159027202054858,0.0008210496744140983,0.0008224545745179057,0.0008262080955319107,0.0008305752417072654,0.0008232423570007086,0.0008229261147789657,0.0008193022222258151,0.0008147134212777019,0.0008273551356978714,0.0008190773660317063,0.0008251865510828793,0.0008239211165346205,0.0008265312644653022,0.000824996386654675,0.0008232094696722925,0.0008166655316017568,0.0008173526148311794,0.0008169464417733252,0.0008237751317210495,0.0008283611969090998,0.0008237187284976244,0.0008231708779931068
,,,,,,,,,,,,,,,,,,,,,,,,,,,,,,,,,,,,,,,,,,,,,,,,,,,,,,,,,,,,,,,,,,,,,,,,,,,,,,,,,,,,,,,,,,,,,,,,,,,,,,,,,,,,,,,,,,,,,,,,,,,,,,,,,,,,,,,,,,,,,,,,,,,,,,,,,,,,,,,,,,,,,,,,,,,,,,,,,,,,,,,,,,,,,,,,,,,,,,,,,,,,,,,,,,,,,,,,,,,,,,,,,,,,,,,,,,,,,,,,,,,,,,,,,,,,,,,,,,,,,,,,,,,,,,,,,,,,,,,,,,,,,,,,,,,,,,,,,,,,,,,,,,,,,,,,,,,,,,,,,,,,,,,,,,,,,,,,,,,,,,,,,,,,,,,,,,,,,,,,,,,,,,,,,,,,,,,,,,0.000510699232108891,0.000733656226657331,0.000739997427444905,0.000666101579554379,0.0005712616839446127,0.0005029587773606181,0.0005543340230360627,0.0006071347161196172,0.000576465972699225,0.0005945010925643146,0.0008355405880138278,0.0012561866315081716,0.0012180546764284372,0.001061727642081678,0.0010939466301351786,0.0009973072446882725,0.00099640351254493,0.0009414160740561783,0.0008492046035826206,0.0007232568459585309,0.0005968745681457222,0.0004815942666027695,0.000429711421020329,0.00036377261858433485,0.0003363536379765719,0.00029919453663751483,0.0002978795091621578,0.00030031142523512244,0.0003133360296487808,0.00033695015008561313,0.00048014376079663634,0.0004905913374386728,0.00046069652307778597,0.0004488710255827755,0.0004916285979561508,0.0005717143067158759,0.0005445845890790224,0.000593362026847899,0.0006944295600987971,0.0006808096659369767,0.0006081708124838769,0.0006748565356247127,0.0006974678835831583,0.0006527039222419262,0.0005749184056185186,0.0004892246797680855,0.0005605774931609631,0.0008519605034962296,0.0008570178179070354,0.0007688025361858308,0.001067803823389113,0.001027986640110612,0.0009030176443047822,0.0008726961095817387,0.001139824278652668,0.0011194412363693118,0.0010315683903172612,0.0010626750299707055,0.0011695906287059188,0.0011796191101893783,0.0015458320267498493,0.001490729977376759,0.0014423630200326443,0.0013547900598496199,0.0013296613469719887,0.0012776738731190562,0.0011337038595229387,0.0010105427354574203,0.0009025351610034704,0.000828823889605701,0.0007179075037129223,0.000612136151175946,0.0005025808932259679,0.0003994106373284012,0.0004365565546322614,0.0004294815007597208,0.0004043914086651057,0.0004782790783792734,0.0004700146382674575,0.0004473519220482558,0.0004016957536805421,0.0003997662861365825,0.00037559520569629967,0.00045387144200503826,0.0004462899814825505,0.0004620808467734605,0.0005040379473939538,0.00047927835839800537,0.0004331141826696694,0.0005145973991602659,0.0005020200042054057,0.00046271461178548634,0.00042245336226187646,0.0004616896330844611,0.000445792218670249,0.0006156840245239437,0.0006874806713312864,0.0006465598708018661,0.0005825157277286053,0.0005253913113847375,0.0005297715542837977,0.0008557232795283198,0.0008609154028818011,0.0010323686292394996,0.000992726068943739,0.001007075305096805,0.001289887586608529,0.0011966244783252478,0.0011346350656822324,0.0010678175603970885,0.0009270934388041496,0.0007711081416346133,0.0006592149147763848,0.00057503383141011,0.0005257869488559663,0.0005193152464926243,0.0005353314336389303,0.0007682869909331203,0.0009191312710754573,0.001158745726570487,0.0011175415711477399,0.001035771332681179,0.0009387872996740043,0.0009569880785420537,0.0009141968912445009,0.0012617785250768065
,,,,,,,,,,,,,,,,,,,,,,,,,,,,,,,,,,,,,,,,,,,,,,,,,,,,,,,,,,,,,,,,,,,,,,,,,,,,,,,,,,,,,,,,,,,,,,,,,,,,,,,,,,,,,,,,,,,,,,,,,,,,,,,,,,,,,,,,,,,,,,,,,,,,,,,,,,,,,,,,,,,,,,,,,,,,,,,,,,,,,,,,,,,,,,,,,,,,,,,,,,,,,,,,,,,,,,,,,,,,,,,,,,,,,,,,,,,,,,,,,,,,,,,,,,,,,,,,,,,,,,,,,,,,,,,,,,,,,,,,,,,,,,,,,,,,,,,,,,,,,,,,,,,,,,,,,,,,,,,,,,,,,,,,,,,,,,,,,,,,,,,,,,,,,,,,,,,,,,,,,,,,,,,,,,,,,,,,,,0.0007219286635518074,-0.0003759966930374503,0.0020160069689154625,0.00015747471479699016,0.0015047111082822084,0.001268878928385675,2.1356972865760326e-05,7.865959196351469e-05,0.0004539805231615901,-0.0006480288575403392,0.0008725190418772399,-4.682556027546525e-05,0.0017127147875726223,0.0010260085109621286,0.0006252665771171451,0.0012340359389781952,-0.00011945172445848584,0.0005839243531227112,0.0009462058078497648,0.0007941771764308214,0.0010611978359520435,0.0006051021628081799,0.0005150658544152975,0.00044521340169012547,0.0003386561875231564,0.000995610374957323,0.0005173006211407483,0.0005896310904063284,0.0003855148097500205,0.0002718638570513576,0.0002932891366071999,0.0006911130622029305,5.560304271057248e-05,0.00038646068423986435,0.00017566463793627918,-0.00023507390869781375,-0.0002536890679039061,0.00011610111687332392,0.0008494583889842033,0.00026590991183184087,0.0012516805436462164,0.0004588013107422739,0.0002952228533104062,0.0015455260872840881,0.0007855461444705725,0.0008443287806585431,0.00011698671733029187,-3.806821769103408e-05,-0.0007037395262159407,0.0007328025531023741,0.0010729327332228422,0.0005826027481816709,-1.1532742064446211e-05,0.0002448806772008538,0.00035007490077987313,0.0015678971540182829,0.0002367405395489186,0.0005792340962216258,0.0009325239225290716,0.000761642586439848,9.914886322803795e-05,0.000780037313234061,0.0004952813033014536,0.00010734796524047852,0.00029278453439474106,0.0011365361278876662,0.00018898522830568254,0.0005086431046947837,0.0010811397805809975,0.0006244883988983929,-7.150089368224144e-05,0.000341480306815356,0.000124336191220209,0.0002437254588585347,0.0011821696534752846,0.00037463323678821325,-0.00013926124665886164,-0.00010198599193245173,0.0014749015681445599,0.0008174184476956725,-0.00013824377674609423,0.0006233137100934982,0.0007794189150445163,0.0009709267760626972,0.00035342000774107873,0.0007639747345820069,0.00038733353721909225,0.00027921440778300166,0.0005610917578451335,0.00017332503921352327,-2.7408183086663485e-05,0.0009141708142124116,0.00041437725303694606,0.00026418745983392,9.288181900046766e-05,0.0007746131741441786,0.00013581980601884425,-2.6203750167042017e-05,0.0003148208779748529,-4.4711166992783546e-05,0.0008147372282110155,0.0013841913314536214,0.0001517132914159447,-0.0003175391466356814,0.0005933273350819945,0.0011624795151874423,0.0007886204402893782,0.0008939047111198306,0.000413210887927562,0.0006413705414161086,0.00021030873176641762,0.00020217665587551892,8.07163305580616e-05,-0.0001871202839538455,-0.00015712768072262406,0.0005966384196653962,0.0007434026338160038,-0.00015256053302437067,0.0005885834107175469,0.00037716724909842014,0.0002728538238443434,0.000581923988647759,0.0013079122873023152,0.0008685962529852986,0.0007946463883854449,0.0008546252502128482
,,,,,,,,,,,,,,,,,,,,,,,,,,,,,,,,,,,,,,,,,,,,,,,,,,,,,,,,,,,,,,,,,,,,,,,,,,,,,,,,,,,,,,,,,,,,,,,,,,,,,,,,,,,,,,,,,,,,,,,,,,,,,,,,,,,,,,,,,,,,,,,,,,,,,,,,,,,,,,,,,,,,,,,,,,,,,,,,,,,,,,,,,,,,,,,,,,,,,,,,,,,,,,,,,,,,,,,,,,,,,,,,,,,,,,,,,,,,,,,,,,,,,,,,,,,,,,,,,,,,,,,,,,,,,,,,,,,,,,,,,,,,,,,,,,,,,,,,,,,,,,,,,,,,,,,,,,,,,,,,,,,,,,,,,,,,,,,,,,,,,,,,,,,,,,,,,,,,,,,,,,,,,,,,,,,,,,,,,,-0.0005129303317517042,-0.0007651401683688164,-0.0008962557185441256,-0.0009286539861932397,-0.00040988207911141217,-0.00032241575536318123,-0.00028158488566987216,0.0012077506398782134,0.0015904591418802738,0.0011974386870861053,0.0007242983556352556,0.00015542079927399755,-4.061605432070792e-05,0.00014637628919444978,0.00012524108751676977,-0.00013623348786495626,0.000681525852996856,0.0005992100341245532,0.00018555723363533616,0.0010033311555162072,0.0007153172045946121,0.0005632888642139733,0.0006259893998503685,0.00011235219426453114,-0.00012877563131041825,3.055838169530034e-05,0.0006681390223093331,0.006897947285324335,0.005639032926410437,0.006639233324676752,0.0051459078676998615,0.003285073209553957,0.001591159263625741,0.00155633722897619,0.0024642692878842354,0.0014538506511598825,0.001804567058570683,0.0019317184342071414,0.001087118056602776,0.0014951057964935899,0.0014739383477717638,0.0008339088526554406,0.0008251656545326114,0.0004086997651029378,-0.0002508967590983957,-0.000385201332392171,-0.0002288578834850341,0.00047323014587163925,0.0005765147507190704,0.0017205192707479,0.000986239523626864,0.0009168261894956231,0.0028355007525533438,0.0028306881431490183,0.001693172031082213,0.0022449130192399025,0.0016118629137054086,0.0006785310106351972,-0.00014318586909212172,-0.0002631814277265221,-0.0006855502724647522,-0.001018709153868258,-0.0009659280767664313,-0.0007229761686176062,5.411100573837757e-06,-0.00026265476481057703,-0.0003876825503539294,-0.0004752114473376423,-0.0006459795404225588,2.380131627433002e-05,-0.0002752452564891428,-0.0006877594860270619,-0.0004927589325234294,-0.0004991429159417748,-0.00067908875644207,-0.0008103090804070234,-0.00039700206252746284,-0.0004350059025455266,-0.0007400778122246265,-0.0007750064833089709,-0.0005517603131011128,-0.00042040194966830313,0.0005241034086793661,0.00023449090076610446,0.0003841175348497927,0.0010498685296624899,0.002768620615825057,0.001995561644434929,0.0017228762153536081,0.0009233801392838359,0.00025528366677463055,-0.0002594139950815588,1.7621496226638556e-05,-0.0001719697320368141,-0.00021657810430042446,-0.00035978647065348923,-2.9823248041793704e-05,-0.0003472194366622716,-0.00036428196472115815,0.001442908076569438,0.0007898035692051053,0.0010303445160388947,0.0010126341367140412,0.0009741227841004729,0.0011690905084833503,0.0023391330614686012,0.0020177748519927263,0.001392338308505714,0.0004497749905567616,0.0005518088000826538,0.001574019086547196,0.00155125861056149,0.0010927135590463877,0.0003524272469803691,0.0002849833108484745,2.600922016426921e-05,-0.00046488657244481146,-0.00045456879888661206,0.0010800956515595317,0.0011806945549324155,0.0013502778019756079,0.0024487501941621304,0.002659416291862726,0.0034860980231314898,0.003254957962781191,0.0019599548541009426
,,,,,,,,,,,,,,,,,,,,,,,,,,,,,,,,,,,,,,,,,,,,,,,,,,,,,,,,,,,,,,,,,,,,,,,,,,,,,,,,,,,,,,,,,,,,,,,,,,,,,,,,,,,,,,,,,,,,,,,,,,,,,,,,,,,,,,,,,,,,,,,,,,,,,,,,,,,,,,,,,,,,,,,,,,,,,,,,,,,,,,,,,,,,,,,,,,,,,,,,,,,,,,,,,,,,,,,,,,,,,,,,,,,,,,,,,,,,,,,,,,,,,,,,,,,,,,,,,,,,,,,,,,,,,,,,,,,,,,,,,,,,,,,,,,,,,,,,,,,,,,,,,,,,,,,,,,,,,,,,,,,,,,,,,,,,,,,,,,,,,,,,,,,,,,,,,,,,,,,,,,,,,,,,,,,,,,,,,,0.00048554540262557566,0.0004163100093137473,0.00048252203851006925,0.000474907603347674,0.00030234752921387553,8.428348519373685e-05,2.4909910280257463e-05,-5.075312219560146e-05,-9.607290121493861e-05,-0.00012779829557985067,-0.0002472136402502656,-0.0002813061000779271,-0.0002158067945856601,-0.00014033174375072122,-9.641496581025422e-05,0.00018323503900319338,0.0004213815263938159,0.00042026149458251894,0.00047317580902017653,0.00041486145346425474,0.00018534285482019186,-0.0001048001940944232,-0.00035043564275838435,-0.00036661766353063285,-0.0003889189683832228,-0.00038671016227453947,-0.00019545244867913425,-0.00014282490883488208,-0.00022225463180802763,-0.00019366317428648472,-0.00015524499758612365,-0.00021925769397057593,-0.00029274856206029654,-0.00036055283271707594,-0.0003413346712477505,-0.0002961636637337506,-0.00022886335500515997,-0.00019405562488827854,-0.00021426111925393343,-0.00026803844957612455,-0.0002666859654709697,-0.00026276486460119486,-0.00028207077411934733,-0.00035269776708446443,-0.00035564674180932343,-0.00034262423287145793,-0.0002861801767721772,-0.00015712817548774183,-0.00012141239130869508,-7.519824430346489e-05,-0.00015716045163571835,-0.00020541744015645236,-0.0001703181624179706,-0.0002001448010560125,-0.00014298944734036922,-6.306542491074651e-05,-5.2121606131549925e-05,-4.091007576789707e-05,-5.570555367739871e-05,-2.9728740628343076e-05,-0.00010445187945151702,-0.00020099146058782935,-0.00024393339117523283,-0.00022035258007235825,-0.0002610745723359287,-0.00028981862124055624,-0.00028635046328417957,-0.00019974575843662024,-0.0001253086666110903,-0.00010492066940059885,-8.532452920917422e-05,-8.683252963237464e-05,-1.5718826034571975e-05,3.092059341724962e-05,2.9060582164674997e-05,8.485643775202334e-05,9.862238948699087e-05,0.0001244581799255684,6.768066668882966e-05,-3.2223273592535406e-05,-0.0001539098157081753,-0.00017955878865905106,-0.000140517033287324,-5.083459836896509e-05,-5.3206822485663e-05,2.0965133444406092e-05,7.043353980407119e-05,5.008440348319709e-05,-8.283794159069657e-06,-8.400394290219992e-05,-0.00021751342865172774,-0.0003228402929380536,-0.0003519121091812849,-0.0003705796552821994,-0.0002945216838270426,-0.00024187011877074838,-0.00022518960759043694,-0.00021617456513922662,-0.00023347885871771723,-0.00024737376952543855,-0.00023038737708702683,-0.00016687337483745068,-7.005040242802352e-05,4.040975181851536e-05,7.025414379313588e-05,0.00012769357999786735,9.618693729862571e-05,-1.156272628577426e-05,-8.022369001992047e-05,-0.0001349946833215654,-0.0001928274577949196,-8.666009671287611e-05,0.00021524052135646343,0.00037653991603292525,0.00029266561614349484,8.09557968750596e-05,-0.0001547864085296169,-0.000251511373789981,-0.0002272704296046868,-0.0002534133964218199,-0.0002909641480073333,-0.0003709262819029391,-0.0004371359245851636,-0.00046494390699081123,-0.0004709290515165776,-0.000441784126451239
,,,,,,,,,,,,,,,,,,,,,,,,,,,,,,,,,,,,,,,,,,,,,,,,,,,,,,,,,,,,,,,,,,,,,,,,,,,,,,,,,,,,,,,,,,,,,,,,,,,,,,,,,,,,,,,,,,,,,,,,,,,,,,,,,,,,,,,,,,,,,,,,,,,,,,,,,,,,,,,,,,,,,,,,,,,,,,,,,,,,,,,,,,,,,,,,,,,,,,,,,,,,,,,,,,,,,,,,,,,,,,,,,,,,,,,,,,,,,,,,,,,,,,,,,,,,,,,,,,,,,,,,,,,,,,,,,,,,,,,,,,,,,,,,,,,,,,,,,,,,,,,,,,,,,,,,,,,,,,,,,,,,,,,,,,,,,,,,,,,,,,,,,,,,,,,,,,,,,,,,,,,,,,,,,,,,,,,,,,-0.0002050608891295269,-1.7392158042639494e-05,-0.00010585669951979071,-0.00011624667968135327,0.00010689409828046337,3.63087747246027e-05,0.00015121541218832135,4.3473628466017544e-05,0.00025768650812096894,0.00021002345602028072,8.829218131722882e-05,0.00022956794418860227,0.0005114054074510932,0.00032636307878419757,0.00010218571696896106,-0.00018314261978957802,-9.231870353687555e-05,-4.209819599054754e-05,3.374455263838172e-05,0.00010564466356299818,-7.73774809204042e-06,9.872512600850314e-05,0.0002968703047372401,0.00020049780141562223,0.00020068555022589862,0.000249915465246886,-4.35519905295223e-06,0.000140588337671943,0.0004686549073085189,0.00034734251676127315,0.00038971687899902463,0.0001764279295457527,0.0003183943626936525,0.00035357874003238976,0.00013543259410653263,2.7933288947679102e-05,3.443988680373877e-05,0.00013266474707052112,0.0005370532162487507,0.0016530361026525497,0.0012949119554832578,0.0012546131620183587,0.0010526676196604967,0.00047030620044097304,0.00018417468527331948,9.031660010805354e-05,9.984277858166024e-05,-0.00034830515505746007,-0.0002610440133139491,0.0002566350158303976,0.0006273107719607651,0.0002761324285529554,1.4535500667989254e-05,0.0001654145889915526,0.00017401481454726309,0.0001584945130161941,0.0003241162630729377,0.00030563570908270776,0.00010572989413049072,0.00010489030682947487,0.000234283012105152,0.000750065257307142,0.0009554497664794326,0.0005552032962441444,0.0005812968593090773,0.0003178785555064678,0.00023811690334696323,0.0002130600914824754,0.00034172640880569816,1.1216121492907405e-05,3.649412246886641e-05,0.00043937715236097574,0.00031943252542987466,0.00044740125304087996,0.0004441204364411533,0.0005684906500391662,0.0008913687779568136,0.0008768579573370516,0.0009266730048693717,0.00043275480857118964,-0.00011837483907584101,-0.00029565271688625216,-0.0008860240923240781,-0.0004113948089070618,-0.00035955733619630337,-0.0002210874081356451,-0.00019690247427206486,-0.00016246062295977026,-0.0003009525826200843,-0.0002099489647662267,-0.0003944134805351496,-0.0001524892431916669,-0.00024698569905012846,-0.00016973148740362376,7.295825344044715e-05,1.1337993782944977e-05,0.00021774513879790902,0.0004723646561615169,0.00024482118897140026,6.825858145020902e-05,1.4614604879170656e-05,-0.0004756324924528599,-0.0006481554009951651,-0.0006815628730691969,-0.0005863364785909653,-0.00047157309018075466,5.630476516671479e-05,-2.6129928301088512e-05,0.00014787085819989443,3.7452991819009185e-05,1.841607445385307e-05,0.00020123683498241007,0.00025970657588914037,0.0001397837040713057,2.6330380933359265e-05,0.0005062433774583042,0.0005110909696668386,0.000351118651451543,0.00010090306750498712,1.340231392532587e-08,-1.5148412785492837e-05,-3.476630081422627e-05,7.839044701540843e-05,0.00013697569374926388,0.00016440858598798513,5.604195757769048e-05
,,,,,,,,,,,,,,,,,,,,,,,,,,,,,,,,,,,,,,,,,,,,,,,,,,,,,,,,,,,,,,,,,,,,,,,,,,,,,,,,,,,,,,,,,,,,,,,,,,,,,,,,,,,,,,,,,,,,,,,,,,,,,,,,,,,,,,,,,,,,,,,,,,,,,,,,,,,,,,,,,,,,,,,,,,,,,,,,,,,,,,,,,,,,,,,,,,,,,,,,,,,,,,,,,,,,,,,,,,,,,,,,,,,,,,,,,,,,,,,,,,,,,,,,,,,,,,,,,,,,,,,,,,,,,,,,,,,,,,,,,,,,,,,,,,,,,,,,,,,,,,,,,,,,,,,,,,,,,,,,,,,,,,,,,,,,,,,,,,,,,,,,,,,,,,,,,,,,,,,,,,,,,,,,,,,,,,,,,,2.258301537949592e-05,0.00011327876563882455,0.0002360447688261047,0.00010594628110993654,1.912000880111009e-05,0.00011430905578890815,0.0007404211210086942,0.0004131075693294406,7.96288441051729e-05,-0.00017607286281418055,-0.0001161767722805962,0.0005460587562993169,0.00015103069017641246,0.0006446380284614861,0.000331039511365816,0.0002565002941992134,-2.1808678866364062e-05,0.0003513743286021054,0.0004798962618224323,0.0003421404690016061,0.00011732883285731077,0.00019094972230959684,0.000280392705462873,-8.89463844941929e-05,0.0003505513886921108,0.00017797885811887681,0.0001901718060253188,-0.00014466202992480248,0.00035033479798585176,0.00021197544992901385,0.0005150625365786254,0.0003201289800927043,-8.187200000975281e-05,-6.799877155572176e-05,9.58680611802265e-05,0.00015079378499649465,5.0136251957155764e-05,0.0004996084608137608,0.00019800948211923242,-4.212747444398701e-05,0.0005331294960342348,0.00048620434245094657,0.0001470490824431181,4.913804878015071e-05,-0.0001136377832153812,-0.00023797671019565314,0.000637366552837193,0.00058138178428635,8.530128980055451e-05,0.000965314160566777,0.000937054690439254,0.0005217665457166731,0.0002475338988006115,0.00010644219582900405,-8.231202082242817e-05,0.00045882066478952765,2.295964804943651e-05,0.0002708331448957324,0.00027558664442040026,9.253281314158812e-05,0.00013637178926728666,-5.656547727994621e-06,0.00012002659786958247,0.0003450737567618489,0.0004626363515853882,9.698219946585596e-05,0.00037425494519993663,0.0005718118045479059,0.00027384830173105,0.0001363988412776962,-1.946232805494219e-05,1.0248782928101718e-05,-2.58015061262995e-05,0.0001036810499499552,-4.404953506309539e-05,0.0002267415402457118,0.00024187826784327626,0.00021683145314455032,0.00011896829528268427,-4.612251359503716e-05,6.64756225887686e-05,8.44935275381431e-05,0.00019949091074522585,0.00034477899316698313,-9.621340723242611e-05,-0.00019103959493804723,0.0009802180575206876,0.0009689271682873368,0.000650941685307771,0.00027751195011660457,0.0002499383990652859,0.00014987611211836338,-1.9242754206061363e-05,0.00011369351705070585,7.068391278153285e-05,0.000400021206587553,0.00022526203247252852,-5.847190914209932e-05,0.00010208335152128711,0.00012343167327344418,0.00016769934154581279,-6.400240818038583e-05,0.0003163587534800172,0.0002999221906065941,-9.970080282073468e-05,0.00047079857904464006,0.0005308307008817792,0.00033054599771276116,6.994057912379503e-06,5.005168350180611e-05,9.515564306639135e-05,0.00037757158861495554,4.8266592784784734e-05,5.582453013630584e-05,0.0003960764151997864,4.250921483617276e-05,0.00029128603637218475,0.00015835532394703478,3.093780833296478e-06,7.664412260055542e-05,0.0003337028028909117,0.00029691230156458914,0.0004349724040366709,0.00023608629999216646,0.0001304471807088703,0.00022259332763496786
