,,,,,,,,,,,,,,,,,,,,,,,,,,,,,,,,,,,,,,,,,,,,,,,,,,,,,,,,,,,,,,,,,,,,,,,,,,,,,,,,,,,,,,,,,,,,,,,,,,,,,,,,,,,,,,,,,,,,,,,,,,,,,,,,,,,,,,,,,,,,,,,,,,,,,,,,,,,,,,,,,,,,,,,,,,,,,,,,,,,,,,,,,,,,,,,,,,,,,,,,,,,,,,,,,,,,,,,,,,,,,,,,,,,,,,,,,,,,,,,,,,,,,,,,,,,,,,,,,,,,,,,,,,,,,,,,,,,,,,,,,,,,,,,,,,,,,,,,,,,,,,,,,,,,,,,,,,,,,,,,,,,,,,,,,,,,,,,,,,,,,,,,,,,,,,,,,,,,,,,,,,,,,,,,,,,,,,,,,,-0.0003975137369707227,-0.0004683899460360408,-0.0006054404657334089,-0.0007397174485959113,-0.000867765280418098,-0.0009423199808225036,-0.000875546655151993,-0.0007026259554550052,-0.00043763831490650773,-0.00012903695460408926,0.00016771303489804268,0.0004395670257508755,0.0006317197112366557,0.0007627541199326515,0.000883911270648241,0.0009923316538333893,0.0010542741511017084,0.0010527994018048048,0.0010348174255341291,0.0009993857238441706,0.0009738253429532051,0.0009538254234939814,0.0009427559562027454,0.0009146628435701132,0.0008532823994755745,0.0007780634332448244,0.0006829446647316217,0.000533969490788877,0.0004381299950182438,0.00037829193752259016,0.00023664417676627636,4.321045707911253e-05,-0.00014441879466176033,-0.00024225341621786356,-0.00022346200421452522,-0.00010438694152981043,4.4880202040076256e-05,0.00016342406161129475,0.00025180960074067116,0.0003417887492105365,0.00034817145206034184,0.0002939093392342329,0.00010786415077745914,-8.439493831247091e-05,-0.00022447598166763783,-0.0002522912109270692,-0.0002082359278574586,-0.00011698761954903603,1.9269529730081558e-05,0.0001262602163478732,0.00023466371931135654,0.0003471375675871968,0.00047175062354654074,0.0005733087891712785,0.0006155003793537617,0.0006341591943055391,0.0006370472256094217,0.0005830773152410984,0.00043701939284801483,0.000264547998085618,0.00016411778051406145,9.906967170536518e-05,1.420557964593172e-05,-0.00020123645663261414,-0.0004086692351847887,-0.0005059224204160273,-0.0005059566465206444,-0.0004242184804752469,-0.0003032668028026819,-0.00015339476522058249,-1.7619109712541103e-05,0.00012131175026297569,0.0002547117182984948,0.0003572645364329219,0.0004203886492177844,0.00047312420792877674,0.0004750395892187953,0.0004093736642971635,0.0003687129355967045,0.00031356990803033113,0.00016475142911076546,-5.040841642767191e-05,-0.0002794959582388401,-0.00045233842683956027,-0.0006523033371195197,-0.0008250183309428394,-0.0008937917300499976,-0.000885718734934926,-0.000798748224042356,-0.0006342818960547447,-0.00040342495776712894,-0.00015029730275273323,7.512164302170277e-05,0.0002691121771931648,0.00041838607285171747,0.000461641582660377,0.0004336320562288165,0.00041852903086692095,0.00041805102955549955,0.00041691248770803213,0.0004005314549431205,0.00035319861490279436,0.0002610388910397887,0.000135776586830616,4.9999565817415714e-05,5.362555384635925e-06,-5.197362042963505e-06,-2.4439068511128426e-06,6.995862349867821e-06,-2.100586425513029e-05,-7.194525096565485e-05,-9.309733286499977e-05,-7.902330253273249e-05,-4.165433347225189e-05,8.68143979460001e-06,7.340731099247932e-05,0.000134748755954206,0.00015194527804851532,0.00015953148249536753,0.00013857765588909388,0.0001398584572598338,0.00015191116835922003,0.00015988701488822699,0.00017297465819865465,0.00021107064094394445,0.00022208841983228922
,,,,,,,,,,,,,,,,,,,,,,,,,,,,,,,,,,,,,,,,,,,,,,,,,,,,,,,,,,,,,,,,,,,,,,,,,,,,,,,,,,,,,,,,,,,,,,,,,,,,,,,,,,,,,,,,,,,,,,,,,,,,,,,,,,,,,,,,,,,,,,,,,,,,,,,,,,,,,,,,,,,,,,,,,,,,,,,,,,,,,,,,,,,,,,,,,,,,,,,,,,,,,,,,,,,,,,,,,,,,,,,,,,,,,,,,,,,,,,,,,,,,,,,,,,,,,,,,,,,,,,,,,,,,,,,,,,,,,,,,,,,,,,,,,,,,,,,,,,,,,,,,,,,,,,,,,,,,,,,,,,,,,,,,,,,,,,,,,,,,,,,,,,,,,,,,,,,,,,,,,,,,,,,,,,,,,,,,,,-0.00012362838606350124,-0.00013773854880128056,-0.00013479449262376875,-0.0001550311135360971,-0.00017042456602212042,-0.00019128007988911122,-0.0002480273542460054,-0.0003404766321182251,-0.00042657024459913373,-0.000485459400806576,-0.0005039844545535743,-0.0005077990936115384,-0.0005093865911476314,-0.0004750250664073974,-0.0004120508092455566,-0.00035747222136706114,-0.0003362642019055784,-0.00033448770409449935,-0.00031546715763397515,-0.00029463559621945024,-0.00026978005189448595,-0.00022985022224020213,-0.00016297215188387781,-8.6701795225963e-05,-8.410104783251882e-06,6.936577847227454e-05,0.0001324906770605594,0.00014934688806533813,0.00014847374404780567,0.00010634312639012933,3.707699943333864e-05,-4.994450137019157e-06,-1.6291276551783085e-05,-1.8710969015955925e-05,-1.4959543477743864e-05,-2.5820540031418204e-05,-2.2223044652491808e-05,-4.220346454530954e-06,5.130277713760734e-06,-1.0245450539514422e-05,-3.800218109972775e-05,-4.320411244407296e-05,-5.140496068634093e-05,-4.861725028604269e-05,-4.955104668624699e-05,-5.8834528317674994e-05,-6.885995389893651e-05,-7.582540274597704e-05,-9.436218533664942e-05,-0.00010412167466711253,-0.00011422399256844074,-0.00014430763258133084,-0.00017210457008332014,-0.00019710473134182394,-0.0002048341411864385,-0.00020362586656119674,-0.00018962165631819516,-0.00017778105393517762,-0.0001806184882298112,-0.00017070087778847665,-0.000148897132021375,-0.0001408575044479221,-0.00012197850446682423,-9.958913142327219e-05,-7.737407577224076e-05,-0.00010428579116705805,-0.000118676369311288,-0.00012012574006803334,-0.0001410936820320785,-0.00015844406152609736,-0.00015215709572657943,-0.00015412422362715006,-0.00019095552852377295,-0.00022037947201170027,-0.00023231387604027987,-0.00025406453642062843,-0.0002666728978510946,-0.00031662077526561916,-0.00036452917265705764,-0.00045300021884031594,-0.0005225417553447187,-0.00053177191875875,-0.0004970417357981205,-0.00040386643377132714,-0.0003272854955866933,-0.0002851886674761772,-0.0002434635243844241,-0.00024295707407873124,-0.0002869779127649963,-0.00040636624908074737,-0.00045531889190897346,-0.0005064806318841875,-0.000513129576575011,-0.0004558213404379785,-0.0003411498910281807,-0.00024959660368040204,-0.0001906559191411361,-8.218616130761802e-05,7.144059054553509e-06,1.6822537872940302e-05,-8.42820736579597e-06,-5.516048986464739e-05,-6.275458144955337e-05,-7.99072440713644e-05,-5.859008524566889e-06,7.306196494027972e-05,0.0001531910675112158,0.000230315956287086,0.000254304613918066,0.0002767285914160311,0.00027669069822877645,0.00018161052139475942,6.837432738393545e-05,-8.939532563090324e-05,-0.00016722142754588276,-0.0002950608904939145,-0.00039459337131120265,-0.0005038196686655283,-0.0005683364579454064,-0.0006228125421330333,-0.0006263629766181111,-0.0005153269739821553,-0.0003920916933566332,-0.0002669361711014062,-0.0001258968550246209,2.743443474173546e-05
,,,,,,,,,,,,,,,,,,,,,,,,,,,,,,,,,,,,,,,,,,,,,,,,,,,,,,,,,,,,,,,,,,,,,,,,,,,,,,,,,,,,,,,,,,,,,,,,,,,,,,,,,,,,,,,,,,,,,,,,,,,,,,,,,,,,,,,,,,,,,,,,,,,,,,,,,,,,,,,,,,,,,,,,,,,,,,,,,,,,,,,,,,,,,,,,,,,,,,,,,,,,,,,,,,,,,,,,,,,,,,,,,,,,,,,,,,,,,,,,,,,,,,,,,,,,,,,,,,,,,,,,,,,,,,,,,,,,,,,,,,,,,,,,,,,,,,,,,,,,,,,,,,,,,,,,,,,,,,,,,,,,,,,,,,,,,,,,,,,,,,,,,,,,,,,,,,,,,,,,,,,,,,,,,,,,,,,,,,0.0004891144344583154,0.0004947865381836891,0.0005177027778699994,0.0005360660143196583,0.0005189675721339881,0.0004928127746097744,0.0004956377670168877,0.0004863929934799671,0.00048195276758633554,0.0004907950642518699,0.0004986621788702905,0.0005158671992830932,0.0005061003030277789,0.0004923826199956238,0.0004905787063762546,0.0004938346100971103,0.0004991904716007411,0.0004955819458700716,0.0004961157683283091,0.0005052423803135753,0.0005431820172816515,0.0005538732511922717,0.0005426251445896924,0.0004945159307681024,0.0004886690294370055,0.0004902917426079512,0.0005077605601400137,0.000516104104463011,0.0005265289801172912,0.0005228217341937125,0.0005196216516196728,0.0005012447945773602,0.0004929778515361249,0.0005051838234066963,0.000501509930472821,0.0004892934230156243,0.0004799326416105032,0.0004888680996373296,0.0004967605345882475,0.0004941359511576593,0.0004911546129733324,0.00048808279098011553,0.00048732542200013995,0.0004938513156957924,0.0004941943334415555,0.0004900942440144718,0.0004908567643724382,0.00048740164493210614,0.0004897378385066986,0.0005031357286497951,0.0005058492533862591,0.0004911684663966298,0.0004891878925263882,0.0004959453362971544,0.0004945213440805674,0.0004924183594994247,0.0004974160110577941,0.0004992454778403044,0.0004898503539152443,0.00048576807603240013,0.0004941793740727007,0.0004939109203405678,0.0004950096481479704,0.000490548845846206,0.0004885747912339866,0.0004905781825073063,0.0004950423026457429,0.0004995214403606951,0.0005042457487434149,0.0004952929448336363,0.0004904583911411464,0.0004901184584014118,0.0004954069154337049,0.000499754911288619,0.0004969069268554449,0.0004948818823322654,0.0004917342448607087,0.0004921452491544187,0.0004934219177812338,0.0004861022753175348,0.00048123940359801054,0.000490724400151521,0.0004940807702951133,0.0005025315331295133,0.000507265969645232,0.0005089939804747701,0.0005031193722970784,0.0005096345557831228,0.0005199895240366459,0.0005127410986460745,0.0004931287840008736,0.0004897697945125401,0.0004973558825440705,0.0005018458468839526,0.0004989653825759888,0.00049926049541682,0.0005038518575020134,0.0004965444095432758,0.0004829235840588808,0.00048375705955550075,0.0004870198026765138,0.0004870056000072509,0.0004926712135784328,0.000493912142701447,0.0004925364628434181,0.0004886402166448534,0.0004910740535706282,0.0004961409722454846,0.0004999832599423826,0.0004959247307851911,0.0004910685238428414,0.0004898222396150231,0.0004898441256955266,0.0004909925628453493,0.0004956512711942196,0.0004948125570081174,0.000492926687002182,0.0004945893306285143,0.0004980798694305122,0.0004932208103127778,0.00048713808064348996,0.0004932013689540327,0.0004940358339808881,0.000493861036375165,0.0004987485008314252,0.0004992408794350922
,,,,,,,,,,,,,,,,,,,,,,,,,,,,,,,,,,,,,,,,,,,,,,,,,,,,,,,,,,,,,,,,,,,,,,,,,,,,,,,,,,,,,,,,,,,,,,,,,,,,,,,,,,,,,,,,,,,,,,,,,,,,,,,,,,,,,,,,,,,,,,,,,,,,,,,,,,,,,,,,,,,,,,,,,,,,,,,,,,,,,,,,,,,,,,,,,,,,,,,,,,,,,,,,,,,,,,,,,,,,,,,,,,,,,,,,,,,,,,,,,,,,,,,,,,,,,,,,,,,,,,,,,,,,,,,,,,,,,,,,,,,,,,,,,,,,,,,,,,,,,,,,,,,,,,,,,,,,,,,,,,,,,,,,,,,,,,,,,,,,,,,,,,,,,,,,,,,,,,,,,,,,,,,,,,,,,,,,,,0.0009595005540177226,0.0009469844517298043,0.0009409518097527325,0.0009327617008239031,0.0009204717352986336,0.0009454677347093821,0.0009671028237789869,0.0009796825470402837,0.0009836142417043447,0.0009764806018210948,0.0009621423087082803,0.0009441045694984496,0.0009770059259608388,0.0010031760903075337,0.0010021311463788152,0.0009870838839560747,0.0009663377422839403,0.0009415491949766874,0.0009156481828540564,0.0008935704827308655,0.0008921167463995516,0.0008989820489659905,0.0009019343997351825,0.000899614067748189,0.0008977951947599649,0.0008977355901151896,0.0008963074069470167,0.0009092213003896177,0.0009645613026805222,0.0010203293059021235,0.0010572071187198162,0.00106938392855227,0.0010499198688194156,0.0010815007844939828,0.0011005760170519352,0.0010837680893018842,0.0010570382000878453,0.0010499705094844103,0.0010399993043392897,0.0010389469098299742,0.0010625413851812482,0.0010791115928441286,0.001114019425585866,0.0011361666256561875,0.0011293956777080894,0.0011020202655345201,0.0010598860681056976,0.0010114702163264155,0.0009895117254927754,0.0009643853409215808,0.0009265326079912484,0.0008871543686836958,0.0008703880594111979,0.0008564251475036144,0.0008408413268625736,0.0008262566989287734,0.0008187843486666679,0.000828574295155704,0.0008401933591812849,0.0008601989829912782,0.0008777554612606764,0.0009080389281734824,0.0009572276612743735,0.0009969674283638597,0.001039853086695075,0.0010640177642926574,0.0010802673641592264,0.0010820308234542608,0.0010697463294491172,0.0010331382509320974,0.000983620062470436,0.0009386081364937127,0.0008989670313894749,0.0008646114147268236,0.0008351596770808101,0.0008120853453874588,0.0008216844871640205,0.0008472964400425553,0.0009056518319994211,0.0009541519684717059,0.000991431879810989,0.001009975909255445,0.0010073400335386395,0.0010237233946099877,0.001030097366310656,0.0010513742454349995,0.0010726171312853694,0.0010806552600115538,0.0010715305106714368,0.0010456045856699347,0.0010634345235303044,0.0010732918744906783,0.0010781062301248312,0.0010710181668400764,0.001045898417942226,0.0010031379060819745,0.000956424861215055,0.0009837646503001451,0.0010274959495291114,0.0010590788442641497,0.0010773841058835387,0.0010868310928344727,0.0010861015180125833,0.0010700999991968274,0.0010616781655699015,0.0010431203991174698,0.0010232626227661967,0.0010171743342652917,0.0010026725940406322,0.0009936019778251648,0.0009732717298902571,0.0009371917694807053,0.0009396197856403887,0.0009325455175712705,0.0009482025052420795,0.000953180599026382,0.0009374396177008748,0.0008976125973276794,0.0008480255492031574,0.0007980557275004685,0.0007648108876310289,0.000741420837584883,0.0007427326636388898,0.0007849973044358194,0.0008634800906293094,0.0009311462636105716
,,,,,,,,,,,,,,,,,,,,,,,,,,,,,,,,,,,,,,,,,,,,,,,,,,,,,,,,,,,,,,,,,,,,,,,,,,,,,,,,,,,,,,,,,,,,,,,,,,,,,,,,,,,,,,,,,,,,,,,,,,,,,,,,,,,,,,,,,,,,,,,,,,,,,,,,,,,,,,,,,,,,,,,,,,,,,,,,,,,,,,,,,,,,,,,,,,,,,,,,,,,,,,,,,,,,,,,,,,,,,,,,,,,,,,,,,,,,,,,,,,,,,,,,,,,,,,,,,,,,,,,,,,,,,,,,,,,,,,,,,,,,,,,,,,,,,,,,,,,,,,,,,,,,,,,,,,,,,,,,,,,,,,,,,,,,,,,,,,,,,,,,,,,,,,,,,,,,,,,,,,,,,,,,,,,,,,,,,,0.0003566829254850745,0.0003614762972574681,0.000359170138835907,0.00035585046862252057,0.0003345219884067774,0.0003562862111721188,0.00034232286270707846,0.00036197752342559397,0.00035603559808805585,0.0003624567179940641,0.0003630434803199023,0.00036334426840767264,0.0003378168330527842,0.0003625186800491065,0.0003622909134719521,0.0003615518508013338,0.00035977718653157353,0.00036103499587625265,0.00035784425563178957,0.00032048262073658407,0.00036237513995729387,0.00030293557210825384,0.0003463049069978297,0.00035198687692172825,0.0003523695340845734,0.00036227930104359984,0.0003586687089409679,0.00035084705450572073,0.0003624043019954115,0.00031673291232436895,0.00031847954960539937,0.00036069590714760125,0.00030999048613011837,0.00033868561149574816,0.00033541698940098286,0.00035797792952507734,0.00036146779893897474,0.0003597174945753068,0.0003245773259550333,0.00033740821527317166,0.00036332529271021485,0.0003604107187129557,0.000329394155414775,0.00033840263495221734,0.0003290250024292618,0.0003362669958733022,0.0003630610299296677,0.0003458453866187483,0.00036206821096129715,0.00035758555168285966,0.0003614658198785037,0.00032341430778615177,0.00031352118821814656,0.00035751095856539905,0.00036324060056358576,0.00036335663753561676,0.0003623974625952542,0.0003592806460801512,0.0003120171604678035,0.00032793081481941044,0.00032118006492964923,0.00035307914367876947,0.0003315261856187135,0.0003347306337673217,0.00036032352363690734,0.0003372236678842455,0.00035215483512729406,0.00036319417995400727,0.0003267137217335403,0.0003629542770795524,0.00034093623980879784,0.00033552307286299765,0.00034624646650627255,0.0003624942328315228,0.00032754818676039577,0.00033349209115840495,0.0003627808182500303,0.0003595024172682315,0.0003501970786601305,0.00034667548607103527,0.00035868765553459525,0.00034508894896134734,0.0003383382281754166,0.000362203863915056,0.0003633283486124128,0.0003421222500037402,0.0003488901420496404,0.00036261812783777714,0.0003578788018785417,0.0003630842547863722,0.00036333728348836303,0.00036333437310531735,0.0003631578292697668,0.00036314260796643794,0.00036306914989836514,0.0003293569025117904,0.00033738682395778596,0.00032813730649650097,0.00031755148665979505,0.00034541223431006074,0.0003549679240677506,0.0003553509304765612,0.0003595509333536029,0.0003555706061888486,0.0003633555897977203,0.00034867075737565756,0.00035942537942901254,0.000362639402737841,0.00035561376716941595,0.00035721188760362566,0.0003562863857951015,0.00035975256469100714,0.00032599084079265594,0.00035145424772053957,0.00034252676414325833,0.00035117054358124733,0.00035440752981230617,0.00036321033257991076,0.00034624809632077813,0.00034515548031777143,0.0003549668472260237,0.00035826402017846704,0.0003461394226178527,0.0003582171630114317,0.00034461714676581323,0.0003591578279156238
,,,,,,,,,,,,,,,,,,,,,,,,,,,,,,,,,,,,,,,,,,,,,,,,,,,,,,,,,,,,,,,,,,,,,,,,,,,,,,,,,,,,,,,,,,,,,,,,,,,,,,,,,,,,,,,,,,,,,,,,,,,,,,,,,,,,,,,,,,,,,,,,,,,,,,,,,,,,,,,,,,,,,,,,,,,,,,,,,,,,,,,,,,,,,,,,,,,,,,,,,,,,,,,,,,,,,,,,,,,,,,,,,,,,,,,,,,,,,,,,,,,,,,,,,,,,,,,,,,,,,,,,,,,,,,,,,,,,,,,,,,,,,,,,,,,,,,,,,,,,,,,,,,,,,,,,,,,,,,,,,,,,,,,,,,,,,,,,,,,,,,,,,,,,,,,,,,,,,,,,,,,,,,,,,,,,,,,,,,0.0006368621252477169,0.00036597298458218575,0.0006159931072033942,0.00040656677447259426,0.0009581990307196975,0.0007189932512119412,0.0006505325436592102,0.0004195806395728141,0.0004929435672238469,0.0008947451133280993,0.0004095613257959485,0.00024618805036880076,0.0006585846422240138,0.0006174691370688379,0.0006870651268400252,0.0007899902993813157,0.0007429529796354473,0.000648204586468637,0.0006749916938133538,0.0006428818451240659,0.0003524000057950616,0.0005546566681005061,0.00042757016490213573,0.0005390008445829153,0.00029343971982598305,0.0007963659008964896,0.0007408097153529525,0.0005344979581423104,0.00039794165058992803,0.0006315311184152961,0.0004364996566437185,0.0006257618661038578,0.000683977734297514,0.0004874300502706319,0.0005319986958056688,0.00038151381886564195,0.00019910756964236498,0.0001870455453172326,0.0006554776336997747,0.0007981289527378976,0.0006625654059462249,0.0008345133392140269,0.001215547090396285,0.0008658160222694278,0.0007953334134072065,0.0006902706809341908,0.0004585621354635805,0.0004914482124149799,0.00024960044538602233,0.00023058438091538846,0.0006911849486641586,0.0008885533316060901,0.0005724461516365409,0.0003096336731687188,0.0005761498468928039,0.0005069454200565815,0.0007281685248017311,0.00040207779966294765,0.00027053779922425747,0.00021039476268924773,0.00024758584913797677,0.00022346516198012978,0.0004189771425444633,0.0007924250094220042,0.0006280837114900351,0.0006148667307570577,0.0008230055682361126,0.0007051635184325278,0.0005852041649632156,0.0003604112134780735,0.0004572888428810984,0.0008567090844735503,0.0008490413893014193,0.0010983210522681475,0.0007870063418522477,0.0005675219581462443,0.0005742674111388624,0.0005798128549940884,0.00026318745221942663,8.510812767781317e-05,0.00020454138575587422,0.00021396216470748186,0.0005479761748574674,0.0004434431903064251,0.0004057261976413429,0.00042986689368262887,0.0004985907580703497,0.0004356986319180578,0.00033509620698168874,0.0003280012751929462,0.00101447943598032,0.0008305756491608918,0.0010591065511107445,0.0009254972683265805,0.0009320128010585904,0.0007371904794126749,0.000533117214217782,0.00032952651963569224,0.0002003178233280778,0.0002644506748765707,0.0009584350045770407,0.0017729602986946702,0.0011029726592823863,0.0015550721436738968,0.0008707625092938542,0.000870705465786159,0.0007000422338023782,0.0010610487079247832,0.0009315228089690208,0.0010449421824887395,0.0009828039910644293,0.0006689876900054514,0.00023156047973316163,0.0001321408781222999,0.00013743268209509552,0.0004524921241682023,0.0004995191702619195,0.0009575728327035904,0.0013054574374109507,0.0010275113163515925,0.0008732000715099275,0.0004896495374850929,0.0003397573600523174,0.0004924862878397107,0.00021500255388673395,0.00018964425544254482
,,,,,,,,,,,,,,,,,,,,,,,,,,,,,,,,,,,,,,,,,,,,,,,,,,,,,,,,,,,,,,,,,,,,,,,,,,,,,,,,,,,,,,,,,,,,,,,,,,,,,,,,,,,,,,,,,,,,,,,,,,,,,,,,,,,,,,,,,,,,,,,,,,,,,,,,,,,,,,,,,,,,,,,,,,,,,,,,,,,,,,,,,,,,,,,,,,,,,,,,,,,,,,,,,,,,,,,,,,,,,,,,,,,,,,,,,,,,,,,,,,,,,,,,,,,,,,,,,,,,,,,,,,,,,,,,,,,,,,,,,,,,,,,,,,,,,,,,,,,,,,,,,,,,,,,,,,,,,,,,,,,,,,,,,,,,,,,,,,,,,,,,,,,,,,,,,,,,,,,,,,,,,,,,,,,,,,,,,,0.00019448345119599253,0.00018321316747460514,0.00016079540364444256,0.0001367731747450307,6.954342825338244e-05,5.765982859884389e-05,5.7035333156818524e-05,9.235809557139874e-05,0.00013108350685797632,0.00015341890684794635,0.0001241818245034665,3.3190444810315967e-05,2.372430026298389e-05,2.451650652801618e-05,5.152750964043662e-05,6.314224447123706e-05,2.6824665837921202e-05,1.0092349839396775e-05,3.451121301623061e-05,4.859331966144964e-05,7.704584277234972e-05,8.690728282090276e-05,8.323961810674518e-05,9.942834003595635e-05,0.00010794585978146642,8.92044699867256e-05,9.517848957329988e-05,8.543558942619711e-05,9.692611638456583e-05,0.00011529310722835362,0.00013807388313580304,0.0001425941736670211,0.00015366182196885347,0.0001595511712366715,0.00016748160123825073,0.00017626138287596405,0.00017917297373060137,0.00018001951684709638,0.00016603304538875818,7.228278263937682e-05,3.795717202592641e-05,3.9226157241500914e-05,3.1724805012345314e-05,4.393659037305042e-05,-4.930105933453888e-05,-4.328452632762492e-05,-1.2006727047264576e-05,1.9051061826758087e-05,6.023633250151761e-05,7.843822822906077e-05,0.00010231127816950902,0.00011836802150355652,0.0001349898666376248,0.00017575008678250015,0.00020695423881988972,0.0002094392548315227,0.0001991645258385688,0.0001875947928056121,0.00016481283819302917,0.00011387551785446703,0.00010716039105318487,0.00010961259249597788,0.00012566364603117108,0.00014825792459305376,0.00017894612392410636,0.0002113142254529521,0.00020040439267177135,0.00016260422125924379,0.00013074227899778634,0.00011958899995079264,0.00011037216609111056,0.0001357048167847097,0.00018483138410374522,0.0002219044545199722,0.0002502520219422877,0.00026432302547618747,0.0002450252359267324,0.00021831909543834627,0.0001975396298803389,0.0001816693984437734,0.00017304201901424676,0.00015385093865916133,0.00016347055498044938,0.00022842013277113438,0.00025935008306987584,0.0002832232275977731,0.000270555610768497,0.0003019252326339483,0.00027923285961151123,0.00019747932674363256,0.0001457777980249375,8.360773790627718e-05,3.525758802425116e-05,2.2603497200179845e-05,4.66888232040219e-05,-1.0706862667575479e-06,1.170779432868585e-05,5.245550710242242e-06,4.7111236199270934e-05,8.346748654730618e-05,0.00011745606025215238,0.00012100260937586427,0.00013143219985067844,0.00012205186794744805,9.652457083575428e-05,9.68584354268387e-05,0.0001046572724590078,0.00012560069444589317,0.00010744381143013015,4.46830308646895e-05,5.619374860543758e-05,7.243941945489496e-05,9.848033369053155e-05,0.00012909578799735755,0.00015900803555268794,0.00018835611990652978,0.00021423019643407315,4.5427448640111834e-05,-5.728114047087729e-05,-6.407755427062511e-05,-5.672014958690852e-05,-2.6423585950396955e-05,1.180032268166542e-05,3.008577914442867e-05,5.629200313705951e-05,8.464904385618865e-05
,,,,,,,,,,,,,,,,,,,,,,,,,,,,,,,,,,,,,,,,,,,,,,,,,,,,,,,,,,,,,,,,,,,,,,,,,,,,,,,,,,,,,,,,,,,,,,,,,,,,,,,,,,,,,,,,,,,,,,,,,,,,,,,,,,,,,,,,,,,,,,,,,,,,,,,,,,,,,,,,,,,,,,,,,,,,,,,,,,,,,,,,,,,,,,,,,,,,,,,,,,,,,,,,,,,,,,,,,,,,,,,,,,,,,,,,,,,,,,,,,,,,,,,,,,,,,,,,,,,,,,,,,,,,,,,,,,,,,,,,,,,,,,,,,,,,,,,,,,,,,,,,,,,,,,,,,,,,,,,,,,,,,,,,,,,,,,,,,,,,,,,,,,,,,,,,,,,,,,,,,,,,,,,,,,,,,,,,,,0.0001275339600397274,0.00018733720935415477,0.0001737281563691795,0.00014403898967429996,0.00010787635983433574,2.0941166440024972e-05,2.791121369227767e-05,-2.420158125460148e-06,-2.8589245630428195e-05,3.894336987286806e-05,3.161630593240261e-05,0.00010788333020173013,0.00014696572907269,0.00019796326523646712,0.0003006118640769273,0.00033099311986006796,0.0003181873180437833,0.0003087745571974665,0.00027642343775369227,0.00027048320043832064,0.0002470707695465535,0.0003166101814713329,0.00029995880322530866,0.00030539213912561536,0.0002515133237466216,0.0004908453556708992,0.0006441762088797987,0.0005887734005227685,0.0008839053916744888,0.001041152747347951,0.000903831678442657,0.0008717289892956614,0.0007758918218314648,0.0005184606998227537,0.0002448455197736621,9.195879101753235e-05,-4.684212035499513e-05,-7.855263538658619e-05,-0.00013547914568334818,-6.418873090296984e-05,-6.672152085229754e-05,-1.4845834812149405e-05,0.00010609619494061917,0.00022887710656505078,0.000277124549029395,0.00042973278323188424,0.00047418949543498456,0.00044266475015319884,0.0004445813247002661,0.000500716851092875,0.00045127395424060524,0.0004019928746856749,0.0003914275439456105,0.0003487179346848279,0.0005111730424687266,0.0007349792867898941,0.0007861051708459854,0.0006838205154053867,0.0005341145442798734,0.00029895559418946505,0.0001340557646472007,0.00012813923240173608,0.0003944338532164693,0.0005422346293926239,0.0007699820562265813,0.0010542719392105937,0.0010433411225676537,0.0008862378308549523,0.0006763882702216506,0.0004875595623161644,0.000352796952938661,0.00024543824838474393,0.00014412947348318994,8.815695764496922e-05,0.00018101176829077303,6.65337429381907e-05,-5.3969037253409624e-05,-0.00015486328629776835,-0.0002160153817385435,-0.00027445313753560185,-0.00022918713511899114,-0.00016433873679488897,-0.00011554520460776985,-0.00015968416118994355,-0.00022238318342715502,-0.00020556020899675786,-0.000245861301664263,-0.0002437209477648139,-0.00022402795730158687,0.00011425043339841068,0.00039120056317187846,0.0004035996971651912,0.0005264013889245689,0.0006138125900179148,0.0006932536489330232,0.0008998417179100215,0.0009577770833857358,0.0011269461829215288,0.0014153068186715245,0.001343105686828494,0.0010633254423737526,0.0010161014506593347,0.0009175408049486578,0.0010843419004231691,0.0009432288352400064,0.0007992622558958828,0.00065243971766904,0.00046234490582719445,0.0006851270445622504,0.0011402950622141361,0.0015322822146117687,0.0017287498340010643,0.0016469807596877217,0.0013840050669386983,0.0011694065760821104,0.0009580424521118402,0.0008023563423193991,0.0007543168030679226,0.0005762305809184909,0.000301074527669698,5.3261188440956175e-05,-0.00010575103806331754,-0.0002722970093600452,-0.0004166802973486483,-0.0005221692263148725,-0.0005386666744016111
,,,,,,,,,,,,,,,,,,,,,,,,,,,,,,,,,,,,,,,,,,,,,,,,,,,,,,,,,,,,,,,,,,,,,,,,,,,,,,,,,,,,,,,,,,,,,,,,,,,,,,,,,,,,,,,,,,,,,,,,,,,,,,,,,,,,,,,,,,,,,,,,,,,,,,,,,,,,,,,,,,,,,,,,,,,,,,,,,,,,,,,,,,,,,,,,,,,,,,,,,,,,,,,,,,,,,,,,,,,,,,,,,,,,,,,,,,,,,,,,,,,,,,,,,,,,,,,,,,,,,,,,,,,,,,,,,,,,,,,,,,,,,,,,,,,,,,,,,,,,,,,,,,,,,,,,,,,,,,,,,,,,,,,,,,,,,,,,,,,,,,,,,,,,,,,,,,,,,,,,,,,,,,,,,,,,,,,,,,0.0006051828968338668,0.0006412540096789598,0.0007111092563718557,0.000773697451222688,0.0007778984727337956,0.000708480947650969,0.0006466422928497195,0.0006832975777797401,0.0007958764326758683,0.0008630440570414066,0.0008718271274119616,0.0007183111156336963,0.0007452421123161912,0.0007463246583938599,0.0007109828293323517,0.000635431264527142,0.0006958088488318026,0.0007854860741645098,0.0007939811330288649,0.0008500711992383003,0.0007698955596424639,0.0007873600115999579,0.0007848372915759683,0.0007576456991955638,0.0008958490216173232,0.001040720846503973,0.000903993146494031,0.0008763192454352975,0.0008424228290095925,0.0007152501493692398,0.000680182536598295,0.000729462830349803,0.0009497771970927715,0.0010639544343575835,0.0008647264330647886,0.0007298465352505445,0.0007269855123013258,0.0007421657792292535,0.0007650080951862037,0.0006584248039871454,0.0007009434048086405,0.0006686619599349797,0.0006374217919073999,0.0007194455829448998,0.0007164135458879173,0.000779584632255137,0.0006824826705269516,0.0006686573615297675,0.0006229260470718145,0.0006749690510332584,0.0008806624682620168,0.0008966134628280997,0.0007832356495782733,0.0007923936354927719,0.0008404141408391297,0.0008737724274396896,0.0008100253180600703,0.0006902097957208753,0.0007187488954514265,0.0007364371558651328,0.0008887408766895533,0.0009340064134448767,0.0009666443220339715,0.0008939787512645125,0.0005922377458773553,0.0005888528539799154,0.0007238250691443682,0.000712620560079813,0.000714863941539079,0.0005821801023557782,0.0005717175081372261,0.0006915599224157631,0.0007482351502403617,0.0007626908482052386,0.0007462167413905263,0.0006434049573726952,0.0006722679827362299,0.0007513958844356239,0.0008054743520915508,0.0008514098590239882,0.0007320769946090877,0.0006813107174821198,0.000839367276057601,0.0008462149417027831,0.0008609931683167815,0.000958548451308161,0.000708531413692981,0.0008124436135403812,0.0007019108161330223,0.0005694626015610993,0.0006612346624024212,0.0007779309526085854,0.0008892440819181502,0.0007743778405711055,0.0007237650570459664,0.0006546605145558715,0.0006976433796808124,0.0007274436648003757,0.0006850507925264537,0.0007488203700631857,0.0008529556216672063,0.000921453523915261,0.000818829401396215,0.000689962413161993,0.0006260297959670424,0.0006977078737691045,0.000863341148942709,0.0009272648021578789,0.0009255869081243873,0.00080737320240587,0.0007773021934553981,0.0007670060731470585,0.0007164651760831475,0.0005830300506204367,0.0006850382778793573,0.0006379724363796413,0.0006883539026603103,0.0006678712670691311,0.0006839556153863668,0.0007534210453741252,0.0007405956275761127,0.0007981728413142264,0.0008260553586296737,0.0007551029557362199,0.0007458784384652972,0.0006598843610845506
,,,,,,,,,,,,,,,,,,,,,,,,,,,,,,,,,,,,,,,,,,,,,,,,,,,,,,,,,,,,,,,,,,,,,,,,,,,,,,,,,,,,,,,,,,,,,,,,,,,,,,,,,,,,,,,,,,,,,,,,,,,,,,,,,,,,,,,,,,,,,,,,,,,,,,,,,,,,,,,,,,,,,,,,,,,,,,,,,,,,,,,,,,,,,,,,,,,,,,,,,,,,,,,,,,,,,,,,,,,,,,,,,,,,,,,,,,,,,,,,,,,,,,,,,,,,,,,,,,,,,,,,,,,,,,,,,,,,,,,,,,,,,,,,,,,,,,,,,,,,,,,,,,,,,,,,,,,,,,,,,,,,,,,,,,,,,,,,,,,,,,,,,,,,,,,,,,,,,,,,,,,,,,,,,,,,,,,,,,0.00028884958010166883,-6.594869773834944e-05,-0.00014716980513185263,-5.825096741318703e-05,5.7393626775592566e-05,0.00020058202790096402,0.00046331118210218847,0.0012844064040109515,0.0025119702331721783,0.0028342311270534992,0.002504460047930479,0.0019440227188169956,0.0016743247397243977,0.00045356329064816236,0.0019925106316804886,0.0017916463548317552,0.0021742936223745346,0.0016970161814242601,0.001526380656287074,0.0025546327233314514,0.001733328914269805,0.002905985340476036,0.0031799119897186756,0.0025149891152977943,0.001444256049580872,0.0011078492971137166,0.001176152378320694,0.001074409345164895,0.0009578337194398046,0.0009918954456225038,6.29170099273324e-05,0.00017243355978280306,-5.9614540077745914e-05,-0.0003263900289312005,-0.00039109750650823116,-0.0004079650389030576,-0.00011148140765726566,-0.00017370760906487703,0.00022147921845316887,0.00044358131708577275,0.0005986177129670978,0.0007547037675976753,0.0005067605525255203,0.00010547233978286386,4.34424146078527e-05,0.00016699940897524357,-5.466962466016412e-05,0.0003764407883863896,0.0002213095431216061,0.00014602724695578218,0.0006714888149872422,0.0005449166055768728,0.0006772323977202177,0.0003371451748535037,0.00041193084325641394,2.2585620172321796e-05,-0.0001428669784218073,0.0009263327228836715,0.0013436783337965608,0.0011017140932381153,-0.00017371703870594501,0.0013893211726099253,0.001419308129698038,0.0012236403999850154,0.0008310047560371459,0.0006264704279601574,0.0006188815459609032,0.0008165701292455196,0.0010262198047712445,0.0011685257777571678,0.001631193095818162,0.0020163357257843018,0.0021342807449400425,0.0010143035324290395,0.0004663921135943383,0.0006599308690056205,0.0010059674968943,0.0002743927761912346,0.0002738922485150397,0.00020696577848866582,0.00011994142550975084,-2.085324376821518e-05,-0.0002535852836444974,-0.00015506497584283352,0.000297881371807307,0.0007659109542146325,0.000608690781518817,0.0002865565475076437,0.00037344713928177953,0.0001580324023962021,0.0002604194451123476,0.00014083296991884708,-0.00013064098311588168,6.84570986777544e-05,-4.43535391241312e-05,8.125067688524723e-05,0.00017031398601830006,0.0003350515617057681,0.0005302078789100051,0.0003579624171834439,6.178626790642738e-06,-0.00016118423081934452,2.1277402993291616e-05,0.0003833160735666752,0.0004919178318232298,0.0005014735506847501,0.0003143102512694895,7.824256317690015e-05,-0.0001889476552605629,-0.00026724336203187704,-0.0002051616320386529,5.23814233019948e-05,0.00015914288815110922,0.00012224010424688458,0.0001901902724057436,0.00022921874187886715,0.00024116592248901725,0.00013328163186088204,3.2767420634627342e-06,-3.82394646294415e-05,0.00010501319775357842,0.00040494732093065977,0.000512409838847816,0.00035634406958706677,0.00018467649351805449,8.703756611794233e-05
,,,,,,,,,,,,,,,,,,,,,,,,,,,,,,,,,,,,,,,,,,,,,,,,,,,,,,,,,,,,,,,,,,,,,,,,,,,,,,,,,,,,,,,,,,,,,,,,,,,,,,,,,,,,,,,,,,,,,,,,,,,,,,,,,,,,,,,,,,,,,,,,,,,,,,,,,,,,,,,,,,,,,,,,,,,,,,,,,,,,,,,,,,,,,,,,,,,,,,,,,,,,,,,,,,,,,,,,,,,,,,,,,,,,,,,,,,,,,,,,,,,,,,,,,,,,,,,,,,,,,,,,,,,,,,,,,,,,,,,,,,,,,,,,,,,,,,,,,,,,,,,,,,,,,,,,,,,,,,,,,,,,,,,,,,,,,,,,,,,,,,,,,,,,,,,,,,,,,,,,,,,,,,,,,,,,,,,,,,0.00041377689922228456,0.0005183817120268941,0.0004872961435467005,0.00017616571858525276,2.0472798496484756e-05,-2.5026965886354446e-06,0.00021320849191397429,0.0005455845966935158,0.0006367206224240363,0.0006877242121845484,0.0007276160176843405,0.0008480109972879291,0.00174987583886832,0.0017351089045405388,0.0014899283414706588,0.002269601682201028,0.001799858408048749,0.0028346276376396418,0.002129259053617716,0.0022598574869334698,0.002112725982442498,0.0019024719949811697,0.0017460717353969812,0.002052025170996785,0.001883538905531168,0.0019218078814446926,0.0015687406994402409,0.0011195711558684707,0.0012270007282495499,0.0012578348396345973,0.0012413582298904657,0.001486423658207059,0.0011895891511812806,0.0009118846501223743,0.0009451830992475152,0.0008383177919313312,0.0003006167826242745,-0.00016907829558476806,0.00010365352500230074,0.00018737901700660586,-0.00016780931036919355,0.00017923320410773158,0.00024282443337142467,-6.024789763614535e-05,-0.0001723053283058107,-0.0002480603870935738,4.7413865104317665e-05,0.0004136855131946504,0.0007196611841209233,0.0008495483780279756,0.000754225009586662,0.0014313680585473776,0.0015262363012880087,0.0013343978207558393,0.0011740936897695065,0.0022740729618817568,0.0020995952654629946,0.0014150947099551558,0.001489284448325634,0.0028318630065768957,0.0008133790106512606,0.0017034022603183985,0.0021244166418910027,0.0026433016173541546,0.002793778432533145,0.004843379370868206,0.003990471828728914,0.0042425054125487804,0.003861912526190281,0.0028113825246691704,0.003580664750188589,0.003231830894947052,0.00332957343198359,0.0029308635275810957,0.0022120559588074684,0.0028776470571756363,0.0017255924176424742,0.0014515016227960587,0.0016579469665884972,0.001311885891482234,0.0006628658156841993,0.0007123147370293736,0.0010106597328558564,0.0005185643676668406,-4.777021240442991e-05,0.0005473155179060996,-0.0002793988096527755,-0.0008144506136886775,-0.0011771917343139648,-0.0007958982023410499,-0.0018127448856830597,-0.0014377578627318144,-0.0014136258978396654,-0.0009885693434625864,-0.00103153963573277,-0.00047209515469148755,-0.00023729976965114474,-0.0006991769769228995,-0.0005478546372614801,-0.00044174183858558536,-0.0003343166899867356,0.00030333775794133544,0.00043077892041765153,0.0006085619097575545,0.001000169082544744,0.0012073265388607979,0.0013090312713757157,0.002258742693811655,0.0026310307439416647,0.0016555176116526127,0.0014047457370907068,0.0012847696198150516,0.0010811601532623172,0.0011413099709898233,0.0011985348537564278,0.001064434414729476,0.0013276414247229695,0.001203032210469246,0.0014504138380289078,0.001418975880369544,0.002248292788863182,0.0030050729401409626,0.002492310246452689,0.0016943253576755524,0.002008613431826234,0.0013024683576077223
,,,,,,,,,,,,,,,,,,,,,,,,,,,,,,,,,,,,,,,,,,,,,,,,,,,,,,,,,,,,,,,,,,,,,,,,,,,,,,,,,,,,,,,,,,,,,,,,,,,,,,,,,,,,,,,,,,,,,,,,,,,,,,,,,,,,,,,,,,,,,,,,,,,,,,,,,,,,,,,,,,,,,,,,,,,,,,,,,,,,,,,,,,,,,,,,,,,,,,,,,,,,,,,,,,,,,,,,,,,,,,,,,,,,,,,,,,,,,,,,,,,,,,,,,,,,,,,,,,,,,,,,,,,,,,,,,,,,,,,,,,,,,,,,,,,,,,,,,,,,,,,,,,,,,,,,,,,,,,,,,,,,,,,,,,,,,,,,,,,,,,,,,,,,,,,,,,,,,,,,,,,,,,,,,,,,,,,,,,0.0011904292041435838,0.0016084127128124237,0.0015712741296738386,0.0016114062163978815,0.0018612358253449202,0.0017704616766422987,0.001621442148461938,0.0013117326889187098,0.0007137772045098245,0.0007379524176940322,0.0005260088946670294,0.0005732515128329396,0.0005428862059488893,0.00041306662023998797,0.000315768615109846,0.0004096093471162021,0.0006724228733219206,0.0006875323015265167,0.0008186065824702382,0.0006061047897674143,0.0004505180404521525,0.0002576578117441386,1.1187454219907522e-05,-0.00020153250079602003,-0.0005418108194135129,-0.0006656775367446244,-0.0007226637681014836,-0.0007207537419162691,-0.0006728916778229177,-0.0005610709195025265,-0.0005915185320191085,-0.0005766207468695939,-0.0005626179627142847,-0.0005108767072670162,-0.00045873934868723154,-0.0003486822242848575,-0.00018108694348484278,9.718383080326021e-05,0.0004157128860242665,0.000651924405246973,0.0008022048859857023,0.0008920860709622502,0.0008780710631981492,0.0008018298540264368,0.0006205548997968435,0.00043277457007206976,0.00024536222917959094,9.178914478980005e-05,0.0001305783516727388,0.0001373632112517953,0.00021705476683564484,0.00031306780874729156,0.0004173404013272375,0.0006082433392293751,0.0007354940753430128,0.0007559119840152562,0.0007119892979972064,0.0005968680488876998,0.0006960403406992555,0.0005684443167410791,0.0004971289890818298,0.00030222386703826487,7.068659760989249e-05,-8.695607539266348e-05,-2.726673847064376e-05,-0.0002414379850961268,-0.00028414279222488403,-0.0003626343095675111,-0.00047954556066542864,-0.0005479886312969029,-0.0005678443121723831,-0.0005467954906634986,-0.0005197116988711059,-0.00043243146501481533,-0.00039084459422156215,-0.0003731427132152021,-0.00025873532285913825,-0.00013135606423020363,-1.6676494851708412e-08,-6.713630864396691e-05,-0.00012796849478036165,-0.00020752876298502088,-0.00021570443641394377,-0.00023991090711206198,-0.0002943630679510534,-0.00038693659007549286,-0.00045762606896460056,-0.0005061472184024751,-0.0004993108450435102,-0.000519336259458214,-0.0004846023512072861,-0.0004225760931149125,-0.00036479387199506164,-0.0003530107787810266,-0.00027209502877667546,-0.00021823163842782378,-0.00019054400036111474,-0.00011536019155755639,4.895453457720578e-05,0.00018167146481573582,0.0003425519389566034,0.0004969275905750692,0.0005545011954382062,0.0004967001732438803,0.0005429862067103386,0.0005036584916524589,0.00042642978951334953,0.0004151349130552262,0.0002617078716866672,2.480953116901219e-05,-0.0001473313313908875,-0.00013566063717007637,-0.00011794373858720064,-0.0001712170196697116,-9.344599675387144e-06,0.00023386787506751716,0.0005377304623834789,0.0007298004347831011,0.0010629233438521624,0.0012393100187182426,0.0013571103336289525,0.0015722399111837149,0.001461707754060626,0.0011854928452521563,0.0011876183561980724,0.0009337764931842685
,,,,,,,,,,,,,,,,,,,,,,,,,,,,,,,,,,,,,,,,,,,,,,,,,,,,,,,,,,,,,,,,,,,,,,,,,,,,,,,,,,,,,,,,,,,,,,,,,,,,,,,,,,,,,,,,,,,,,,,,,,,,,,,,,,,,,,,,,,,,,,,,,,,,,,,,,,,,,,,,,,,,,,,,,,,,,,,,,,,,,,,,,,,,,,,,,,,,,,,,,,,,,,,,,,,,,,,,,,,,,,,,,,,,,,,,,,,,,,,,,,,,,,,,,,,,,,,,,,,,,,,,,,,,,,,,,,,,,,,,,,,,,,,,,,,,,,,,,,,,,,,,,,,,,,,,,,,,,,,,,,,,,,,,,,,,,,,,,,,,,,,,,,,,,,,,,,,,,,,,,,,,,,,,,,,,,,,,,,0.00020308945386204869,0.00017367997497785836,0.0001663337752688676,0.00018815112707670778,0.0002083480212604627,0.00023897095525171608,0.00027248880360275507,0.0003063479671254754,0.00029946144786663353,0.00027498582494445145,0.00024630106054246426,0.0002419838128844276,0.0002563909802120179,0.00026798900216817856,0.0002782127121463418,0.00030406980658881366,0.0003155637241434306,0.0003189345879945904,0.00033575683482922614,0.0003358655085321516,0.0003376714885234833,0.0003400336718186736,0.0003150990523863584,0.0003109868848696351,0.00032879345235414803,0.00033456095843575895,0.0001821079640649259,0.0001959761866601184,0.00023382881772704422,0.00018074952822644264,0.0001194264623336494,8.184942998923361e-05,7.336359703913331e-05,0.00011401189840398729,0.00012339724344201386,0.00014527635357808322,0.00016347039490938187,0.00010334028047509491,5.844351835548878e-05,6.127459346316755e-05,5.102044087834656e-05,5.749802221544087e-05,3.056242712773383e-05,-9.480310836806893e-06,-3.5896955523639917e-06,3.6131154047325253e-05,9.643126395530999e-05,0.0001587806036695838,0.0002219120506197214,0.00023473432520404458,0.00025626952992752194,0.0002835844352375716,0.00030588696245104074,0.00028117175679653883,0.0002781578805297613,0.0001852112472988665,9.190177661366761e-05,2.2758700652047992e-05,-1.4197517884895205e-05,-7.280698628164828e-05,-0.00010699193808250129,-0.0001027722901199013,-7.29901366867125e-05,-2.9797287425026298e-05,-6.094126729294658e-05,-6.782676791772246e-05,-7.23584380466491e-05,-7.446334348060191e-05,-5.06182259414345e-05,-0.00012180572957731783,-0.00015148302190937102,-0.0001391446276102215,-0.00014031605678610504,-0.00015125414938665926,-0.0001468881091568619,-0.00011374647147022188,-0.0001223281433340162,-0.00014624765026383102,-0.00012610465637408197,-7.980430382303894e-05,-2.2703345166519284e-05,5.2521267207339406e-05,9.166097152046859e-05,0.00014652674144599587,0.00020884137484245002,0.0002782864321488887,0.00027581205358728766,0.0002720041084103286,0.0002226901415269822,0.00018393239588476717,0.00016317906556650996,0.00017529450997244567,0.00017413971363566816,0.00017724782810546458,0.00017998424300458282,0.00019699141557794064,0.0001864539080997929,0.00020272114488761872,0.0002365676045883447,0.00021620072948280722,0.00021987329819239676,0.0002442417899146676,0.0002783580857794732,0.0003196334291715175,0.0003654031897895038,0.00037158012855798006,0.0003354096843395382,0.00027342222165316343,0.00022935828019399196,0.000244638416916132,0.000260098313447088,0.00024370352912228554,0.00020602827135007828,0.00019375562260393053,0.00017246622883249074,0.00014449714217334986,0.00015315887867473066,0.0001788591471267864,0.00022936411551199853,0.00028176099294796586,0.0003304801939520985,0.00038930351729504764,0.0004441442433744669,0.00048241164768114686,0.0004969827132299542,0.00047622458077967167
,,,,,,,,,,,,,,,,,,,,,,,,,,,,,,,,,,,,,,,,,,,,,,,,,,,,,,,,,,,,,,,,,,,,,,,,,,,,,,,,,,,,,,,,,,,,,,,,,,,,,,,,,,,,,,,,,,,,,,,,,,,,,,,,,,,,,,,,,,,,,,,,,,,,,,,,,,,,,,,,,,,,,,,,,,,,,,,,,,,,,,,,,,,,,,,,,,,,,,,,,,,,,,,,,,,,,,,,,,,,,,,,,,,,,,,,,,,,,,,,,,,,,,,,,,,,,,,,,,,,,,,,,,,,,,,,,,,,,,,,,,,,,,,,,,,,,,,,,,,,,,,,,,,,,,,,,,,,,,,,,,,,,,,,,,,,,,,,,,,,,,,,,,,,,,,,,,,,,,,,,,,,,,,,,,,,,,,,,,-0.0002775976317934692,4.0450060623697937e-05,-0.0012010671198368073,-0.00013285852037370205,0.000982670346274972,0.0003560465993359685,-0.0007128022843971848,0.0003844077291432768,-0.00012403989967424423,-7.02233228366822e-06,0.001008301042020321,-0.0002756677567958832,-0.0005300928605720401,-0.00023253132530953735,-5.6832046539057046e-05,-0.0014870136510580778,-0.0008575769606977701,0.0008329062256962061,-0.0010029948316514492,0.00019415182759985328,0.0012600994668900967,0.0009040703298524022,0.000637186923995614,-0.000680890865623951,0.0006543884519487619,7.158251537475735e-05,-0.0010611384641379118,0.0009043251629918814,0.000791792874224484,-0.0005730673437938094,-9.9461707577575e-05,0.0008743121288716793,0.0002588789793662727,0.0003350548795424402,-0.00029472241294570267,-8.415210322709754e-05,-0.00023769776453264058,6.89388980390504e-05,0.0003063590847887099,0.0003159783664159477,-0.0002343644155189395,6.582886271644384e-05,0.00023752075503580272,0.000602339394390583,-0.00021276644838508219,5.6848773965612054e-05,-0.0002782136434689164,-0.0006463588215410709,0.0003860833530779928,-0.00037213671021163464,0.0009838228579610586,-0.00014557178656104952,-0.00046809943160042167,0.0005671095568686724,-0.000585024303290993,-0.00038084483821876347,0.0002049011818598956,-0.00024047127226367593,2.2555759642273188e-05,-0.0004245519812684506,0.000785323791205883,0.00025470435502938926,-0.00012541987234726548,-0.0003162234206683934,0.0006474164547398686,3.356054367031902e-05,-8.689791866345331e-05,-0.0005599441938102245,-0.0001627835736144334,9.347802551928908e-05,-0.00021773402113467455,-2.3019987565930933e-05,-0.0006568303797394037,-0.00018786132568493485,-1.904433884192258e-05,-0.000664339167997241,-8.363239612663165e-05,-0.00046248571015894413,0.0003537742595653981,0.0002256229636259377,0.0003579685289878398,-0.00040071216062642634,-0.00039143170579336584,-0.0005466325674206018,0.0004329606017563492,-0.0007316712290048599,-0.00023325449728872627,0.00012859194248449057,8.017971413210034e-05,0.00013694236986339092,0.0007307473570108414,0.00020657319691963494,-0.00012884939496871084,0.00023594239610247314,-0.0005157685372978449,7.811687828507274e-05,0.00010943780944216996,-2.9309318051673472e-05,0.0001831210101954639,1.9126789993606508e-05,-0.0001813358103390783,-0.0004002122732345015,-0.0004979076329618692,-0.0005518663092516363,5.4470510804094374e-05,-0.0006176457973197103,0.00028188913711346686,0.000396762479795143,-0.00019320010324008763,4.507644916884601e-05,0.00017966897576116025,-0.0009444088209420443,-0.0014604540774598718,-0.00015927622735034674,0.001103636808693409,0.0006656268378719687,0.0006501220632344484,-0.00031453531119041145,-0.00045951540232636034,0.0006351765478029847,0.00021088015637360513,0.0006456738337874413,0.0003131437115371227,0.0001530456356704235,0.0001983684196602553,-1.821880869101733e-05
,,,,,,,,,,,,,,,,,,,,,,,,,,,,,,,,,,,,,,,,,,,,,,,,,,,,,,,,,,,,,,,,,,,,,,,,,,,,,,,,,,,,,,,,,,,,,,,,,,,,,,,,,,,,,,,,,,,,,,,,,,,,,,,,,,,,,,,,,,,,,,,,,,,,,,,,,,,,,,,,,,,,,,,,,,,,,,,,,,,,,,,,,,,,,,,,,,,,,,,,,,,,,,,,,,,,,,,,,,,,,,,,,,,,,,,,,,,,,,,,,,,,,,,,,,,,,,,,,,,,,,,,,,,,,,,,,,,,,,,,,,,,,,,,,,,,,,,,,,,,,,,,,,,,,,,,,,,,,,,,,,,,,,,,,,,,,,,,,,,,,,,,,,,,,,,,,,,,,,,,,,,,,,,,,,,,,,,,,,-0.000351038936059922,-0.0003322070697322488,-0.0002688911044970155,-0.00023001131194178015,-0.0002045285509666428,-0.00013341715384740382,-9.360963304061443e-05,-3.103449125774205e-05,-8.379516657441854e-06,7.021058991085738e-05,0.00011256899597356096,0.0001162133485195227,0.00015917870041448623,0.000294749770546332,0.00030326374690048397,0.00027391372714191675,0.0001986504066735506,0.00016448277165181935,0.00014779959747102112,0.00015221214562188834,0.00017632446542847902,0.00015675179020036012,0.00017055300122592598,0.0002443655685056001,0.00024792630574665964,0.00026091659674420953,0.00030183218768797815,0.0002498237299732864,0.0002513156505301595,0.0003689035074785352,0.0003604263183660805,0.00041320707532577217,0.00036365684354677796,0.00039936479879543185,0.0004408668610267341,0.0003916507412213832,0.000343415915267542,0.00031329644843935966,0.00030451928614638746,0.0003554341965354979,0.0009365315781906247,0.0006980787729844451,0.0008103082654997706,0.000905413762666285,0.0007342803874053061,0.0006174681475386024,0.0005316342576406896,0.00047611427726224065,0.000332518044160679,0.00022761810396332294,0.00026516366051509976,0.0004287803312763572,0.00035699550062417984,0.00027049501659348607,0.00027881801361218095,0.00027905695606023073,0.000269553333055228,0.0003300603129900992,0.00036218194873072207,0.00032080020173452795,0.00030325065017677844,0.00031069095712155104,0.00047346699284389615,0.0006834383821114898,0.0005727533134631813,0.0006394474767148495,0.0005646742647513747,0.0005261746700853109,0.0004889905685558915,0.0005349389393813908,0.0004229880578350276,0.00035964944981969893,0.0004661112907342613,0.0004218957619741559,0.0004744495381601155,0.00048533198423683643,0.0005213606054894626,0.0006981530459597707,0.0007395840948447585,0.0009125035721808672,0.000769948004744947,0.0005819711368530989,0.00035084423143416643,0.0002693930291570723,0.00012159826292190701,3.441880107857287e-05,-7.902068318799138e-06,-3.382164868526161e-05,-4.36953705502674e-05,-7.258799450937659e-05,-8.405964763369411e-05,-0.00010848975216504186,-0.00011017952056135982,-0.0001177792000817135,-0.00012030381185468286,-6.452067464124411e-05,-4.14199021179229e-05,2.3863394744694233e-05,0.00016248226165771484,0.00017441174713894725,0.00015824203728698194,0.00012970266107004136,7.587290019728243e-05,-3.9614547858946025e-05,-0.0001284846366615966,-0.00019483875075820833,-0.0002162633609259501,-0.00015681410150136799,-0.00013219112588558346,-7.49155442463234e-05,-5.1466733566485345e-05,-3.3567179343663156e-05,3.134706639684737e-05,0.0001001404962153174,0.0001211391354445368,0.000115509785246104,0.0002506989985704422,0.0003189335693605244,0.00033849789178930223,0.00029859680216759443,0.0002599708968773484,0.00023559757391922176,0.0002070916525553912,0.0002163847238989547,0.00023253497784025967,0.00025438162265345454
,,,,,,,,,,,,,,,,,,,,,,,,,,,,,,,,,,,,,,,,,,,,,,,,,,,,,,,,,,,,,,,,,,,,,,,,,,,,,,,,,,,,,,,,,,,,,,,,,,,,,,,,,,,,,,,,,,,,,,,,,,,,,,,,,,,,,,,,,,,,,,,,,,,,,,,,,,,,,,,,,,,,,,,,,,,,,,,,,,,,,,,,,,,,,,,,,,,,,,,,,,,,,,,,,,,,,,,,,,,,,,,,,,,,,,,,,,,,,,,,,,,,,,,,,,,,,,,,,,,,,,,,,,,,,,,,,,,,,,,,,,,,,,,,,,,,,,,,,,,,,,,,,,,,,,,,,,,,,,,,,,,,,,,,,,,,,,,,,,,,,,,,,,,,,,,,,,,,,,,,,,,,,,,,,,,,,,,,,,0.00016214780043810606,0.000202672861632891,0.00022607707069255412,0.00019192154286429286,0.00017216498963534832,0.00020124140428379178,0.0002680000616237521,0.00024198356550186872,0.00019637634977698326,0.0001024154553306289,0.00012394229997880757,0.000254567654337734,0.00012102603795938194,0.00025961484061554074,0.00020801012578886002,0.00022368787904269993,0.00014043322880752385,0.0002454265777487308,0.0002563778543844819,0.00024665039381943643,0.00021956943965051323,0.0002444247074890882,0.00025502039352431893,0.00015300717495847493,0.00025796712725423276,0.0002217948203906417,0.0002362238592468202,0.00010170759196626022,0.0002472722844686359,0.00020635867258533835,0.00026140923728235066,0.00024091554223559797,0.00012431677896529436,0.000155630026711151,0.00019117635383736342,0.0001926966360770166,0.0001524800027254969,0.0002528756158426404,0.00018271977023687214,0.00011152012302773073,0.00025548413395881653,0.0002461919211782515,0.0001878979819593951,0.00018722459208220243,0.00011183162860106677,-3.0161376344040036e-05,0.00024343104450963438,0.00022083392832428217,-5.645160854328424e-05,0.00026118234382010996,0.00025961227947846055,0.00022987359261605889,0.00021393923088908195,0.000202916024136357,0.0001377646840410307,0.0002566103939898312,8.831871673464775e-05,0.00021542076137848198,0.00021056982222944498,0.00016122270608320832,0.00019049075490329415,0.00012689510185737163,0.00017704672063700855,0.00022610454470850527,0.0002467207668814808,0.0001603899581823498,0.0002483901917003095,0.0002647364744916558,0.00023726272047497332,0.00023268446966540068,0.00020202415180392563,0.0002110941568389535,0.00018901051953434944,0.00021646727691404521,0.0001521980739198625,0.00022796113626100123,0.00022332915978040546,0.00022470872499980032,0.00020902007236145437,0.00015885460015852004,0.00019710751075763255,0.00018967484356835485,0.00021716744231525809,0.00024316977942362428,2.5654109776951373e-05,-3.53940122295171e-05,0.0002632508403621614,0.0002588764764368534,0.00024744414258748293,0.00021364144049584866,0.0002373741881456226,0.00022479869949165732,0.00018399448890704662,0.0002222571347374469,0.00020206166664138436,0.0002572434605099261,0.00022953329607844353,0.0001565250422572717,0.00021612401178572327,0.00020996504463255405,0.00021995084534864873,0.00013192545156925917,0.0002399801160208881,0.00022975669708102942,4.291247751098126e-05,0.0002448269515298307,0.00024627966922707856,0.0002267170639242977,0.00014761985221412033,0.00018513474788051099,0.00018929538782685995,0.00024464732268825173,0.0001421522320015356,0.0001730853400658816,0.0002444410347379744,0.00012142608466092497,0.00022539163182955235,0.00018450405332259834,0.00013646145816892385,0.000168830796610564,0.0002275141596328467,0.00021898104751016945,0.00025184795958921313,0.00022658675152342767,0.00022150084259919822,0.00024418276734650135
