,,,,,,,,,,,,,,,,,,,,,,,,,,,,,,,,,,,,,,,,,,,,,,,,,,,,,,,,,,,,,,,,,,,,,,,,,,,,,,,,,,,,,,,,,,,,,,,,,,,,,,,,,,,,,,,,,,,,,,,,,,,,,,,,,,,,,,,,,,,,,,,,,,,,,,,,,,,,,,,,,,,,,,,,,,,,,,,,,,,,,,,,,,,,,,,,,,,,,,,,,,,,,,,,,,,,,,,,,,,,,,,,,,,,,,,,,,,,,,,,,,,,,,,,,,,,,,,,,,,,,,,,,,,,,,,,,,,,,,,,,,,,,,,,,,,,,,,,,,,,,,,,,,,,,,,,,,,,,,,,,,,,,,,,,,,,,,,,,,,,,,,,,,,,,,,,,,,,,,,,,,,,,,,,,,,,,,,,,,2.7047177136409802e-05,0.003261436158791183,-0.0016437211362062957,-0.0006222317946958358,0.004177914691390468,-0.0025599841793882664,-0.0007350270109600386,0.00043882136546926644,-0.0032215400629987327,-0.0012905665361904542,-0.007338738803897282,-0.0012581385925932416,-0.004577459193533286,-0.003803109547006897,-0.002055411868398854,-0.004349602810301196,-0.0016747222805861385,-0.0022759518506548686,-0.0019617245232802817,-0.002418571055168286,-0.0036146378976991403,-0.003055037553131115,-0.001614700975769665,-0.0017950445226409403,-0.002861857576353941,-0.001928186802750653,-0.0005746639563585642,-0.0008530654720379969,5.6709860703752684e-05,-0.002511441445385572,-0.002511578342591746,0.0014142144081415611,0.0015294301079120493,-0.002062233104578419,-0.002601527371831859,8.880408788172582e-05,0.0006898889417061586,0.00035427292598796977,-0.002234177068166901,0.001148961421567947,0.0018224575149361048,0.0011053794713613261,-0.000610427349893144,-0.005587184239411724,-0.0010569640254834665,-0.0007895010901265776,-0.0017376115708278425,-0.0009629236576923484,-0.004691527080566933,-0.007496227884839755,-0.0036361007939946528,-0.005276544626976829,-0.00482526066713035,-0.004958855980949011,0.002415484852099325,-0.004839726882540465,-0.0029086704876196265,-0.0025287536884813257,-0.001395359072193969,-0.0020100325804281362,0.0010934419164550485,-0.004542237016915655,-0.004339801656315103,0.0036004818789660935,0.0013458878043456936,-0.0043029746742104195,-0.007848190432414413,-0.001564977037390539,-0.001736070194747299,-0.0038342833247346185,-0.008399007479796028,0.0011665080050200533,-0.0018617272414849142,-0.0036030461569316686,-0.003064756717358251,-0.0035838907689321785,-0.0011897787324323874,-0.0012140876945341003,-0.001273130590561778,-2.458761271555013e-05,0.00038106055092066576,0.0010413727664217735,-0.0007404346478870137,-0.003963689983065706,-0.0016718562514870432,-0.002624861556978431,0.004159257633844396,-0.006747613495972471,-0.001397221687948331,-0.0018291840524761942,-0.003078403488325421,-0.001441764670598787,-0.006274204561486838,-0.0043718413545866495,-0.0007826374398428018,-0.0004143536902847702,-0.0012179322139763827,-0.0005899130454054104,-0.00474047254276229,-0.0014876591748907235,-0.0030571256296298087,-0.0021117686945945026,-0.003334794300040119,-0.00016396724263904611,-0.0037792022190600008,-0.005176532911136747,-0.0023592634717351756,-0.000970383942670499,-3.7354292774883406e-05,-0.000804807389504276,-0.001497020094636052,-0.0029653188033262265,-0.001781518857654495,-0.003966526895140608,-0.0018539943411178686,-0.00237047507398529,-0.0013407360287965278,0.0003686188848223543,-0.002963844296929893,-0.0029907251070253552,-0.00041090092990392227,-0.0015330378103590194,-0.0012528295648517095,-0.0044239182776073,-0.000645413659124946,-0.003761794084566645
,,,,,,,,,,,,,,,,,,,,,,,,,,,,,,,,,,,,,,,,,,,,,,,,,,,,,,,,,,,,,,,,,,,,,,,,,,,,,,,,,,,,,,,,,,,,,,,,,,,,,,,,,,,,,,,,,,,,,,,,,,,,,,,,,,,,,,,,,,,,,,,,,,,,,,,,,,,,,,,,,,,,,,,,,,,,,,,,,,,,,,,,,,,,,,,,,,,,,,,,,,,,,,,,,,,,,,,,,,,,,,,,,,,,,,,,,,,,,,,,,,,,,,,,,,,,,,,,,,,,,,,,,,,,,,,,,,,,,,,,,,,,,,,,,,,,,,,,,,,,,,,,,,,,,,,,,,,,,,,,,,,,,,,,,,,,,,,,,,,,,,,,,,,,,,,,,,,,,,,,,,,,,,,,,,,,,,,,,,0.0033494953170156816,0.004407919393629225,0.00286776027502007,0.0004608827654737987,0.003114696122017145,0.0004299732629927655,0.0002085198298300385,0.0017311369866365566,0.0035965051024686584,0.0017278237688879024,0.005324366091226691,0.003549565359280677,0.003247223624421168,0.002931816971007114,0.0018434079783219218,0.0009348836530261898,0.005294158158964518,0.0027985637337648475,0.0023541252180530135,0.0031955433094935856,0.0019206367787410277,0.002746323568077058,0.0022712602481769844,0.005330932517763361,0.002604750496539054,0.0006175157336110705,0.0013429167411231901,-0.0003508922035689467,0.0009959698049351571,0.0010495674396224788,0.0021177677995098463,0.0011444899055641144,0.0004223737305771164,0.0002200184931280094,-0.0014918102430237922,0.002991974398998232,-0.0013943307909011352,-0.00041052922176147276,0.0035957402704752915,0.0025277142789855126,0.0012222011031117305,-0.0025483933479699774,0.0025398810851620505,0.0013001289265230304,0.0019809729023836553,-0.0002059426268533569,0.0008423647173185602,0.0023498039534509477,0.002612696498763398,0.0012815345378476195,0.0029520296842383688,0.0006985579150932614,0.0014151152150103984,-0.0007341739486097746,-0.00010664772853488078,0.003968429270462366,0.0016462109172910777,0.0007165088352485329,0.0013105126826121706,0.0037115183397545496,0.003927496962060104,0.0024983537698183987,0.002936465865015635,0.0013287367515537572,-4.076013370649741e-06,3.101675950650459e-05,0.0009211673419243507,0.004768790643865943,0.0004908737850928449,0.0037190489545901057,0.000748684950017681,-0.0013190901908092197,0.001838774971110979,0.0035401972151400205,0.002551450126775309,-0.0005679232183319977,0.0024299278129280236,0.0012989965933957138,0.0016287140797552023,0.0051598777235873665,0.0024378224708198103,0.00011589915685666165,0.0008753691578203872,-0.002335867347428574,0.0038470328911353133,0.000819197583477945,0.003989921672036872,0.001080587832693709,0.0006567669426294743,0.0050777230005769535,-8.494042768688795e-05,-0.00340212159870134,0.002182551993400921,-0.0029520831711124626,0.005383500268702243,-0.0002588803324670145,0.005664519272492425,0.002073609228682471,-0.0007059056439902626,-6.773964661988419e-05,0.00014747164401342168,-0.0003618654357705961,-0.0036979714314384167,0.0013828216746333054,0.00219673086074181,0.0030336906731827213,0.002604539530293552,0.0011955951799063774,0.0010233973698632328,-0.00013202544243540577,-0.0031165600509848435,-0.0014951868710977572,0.00023485101271944632,0.000773423801656464,-0.00601620348526012,0.0019222814572276556,-0.001361623436387162,0.002235739679599646,0.003378181775333361,0.0035892671397596146,0.0002019493027667826,0.0016445572505472228,-0.0024502507581685997,0.0028361740440777804,0.003759675369446995,0.0006062266470689792
,,,,,,,,,,,,,,,,,,,,,,,,,,,,,,,,,,,,,,,,,,,,,,,,,,,,,,,,,,,,,,,,,,,,,,,,,,,,,,,,,,,,,,,,,,,,,,,,,,,,,,,,,,,,,,,,,,,,,,,,,,,,,,,,,,,,,,,,,,,,,,,,,,,,,,,,,,,,,,,,,,,,,,,,,,,,,,,,,,,,,,,,,,,,,,,,,,,,,,,,,,,,,,,,,,,,,,,,,,,,,,,,,,,,,,,,,,,,,,,,,,,,,,,,,,,,,,,,,,,,,,,,,,,,,,,,,,,,,,,,,,,,,,,,,,,,,,,,,,,,,,,,,,,,,,,,,,,,,,,,,,,,,,,,,,,,,,,,,,,,,,,,,,,,,,,,,,,,,,,,,,,,,,,,,,,,,,,,,,-0.0003291106261076494,0.002441983592725592,-0.0003547311983038516,0.003111749003001023,0.01057343370848684,-0.0005087186786113304,0.00021369069421780276,0.0013596023082209276,0.002128430948068852,0.0009804903593127767,0.0003722341389948274,-0.0036265726030978835,0.0014638847255264403,-0.00013473936400259872,0.004041142777423374,0.0020670842281833757,-0.0010945901890227106,-0.0005663694343612801,0.0006382323721481955,-0.0007922853912896243,0.0019254543517308776,-0.0026476472314971044,-0.0037854034839256176,0.00016304299665534909,-0.0005165007721613322,0.0005699979743167201,0.0014491116492717985,-0.0026651303923335944,-0.0022870146833884066,-0.0068687483447138235,0.0004799326430656943,-0.004623269863141103,0.004326270391563109,0.002254565762292863,0.0022988622840784934,0.0025341386906802656,0.003958173308831948,0.0006866853074461685,0.0025129817434935827,0.0006510229226842051,-0.003986262152102428,0.002172055990376974,-0.00031096372782485565,0.005264239130628992,0.004835884522763081,0.0033621893308009025,-0.005284210312966028,0.0024433125685027327,0.001576018314663088,-0.0007514219150471041,0.003588743174041153,-0.0036762841061863554,-0.004055355138261802,-0.001720610094344011,0.002023367778965622,-0.001429254335186367,0.0008226142797502686,0.0019984262024809133,-0.003200772699556184,0.0021814805174017234,0.001688082729669986,0.003977397202397694,-0.000497185959975468,0.0010469035607820843,-0.0009482951464845738,0.0017010084971116144,0.002119813662366141,0.004456581094709689,-0.0019299474968283892,0.0027955517387211635,-0.000511500709544635,0.0019188996988426274,0.0035945612587966,0.0011055109342851203,0.0008309048942464871,-0.00497601110051619,0.004361932239786254,0.003922952755674485,0.0016933646026882341,-0.0004123218641810429,-0.0003912262854282747,0.00101195547656971,0.003551026013058921,-0.0013252490974900869,0.00345969438974862,-0.0009167637392238256,-0.003118389253859278,0.0008787755049706904,0.0040362817465211245,0.0010493927592324323,-0.0006005548420944254,-7.101870316546396e-05,-0.0017408913423423676,0.00029587781989539507,0.0024429873374174345,0.00297473041791818,0.0020260852517094458,0.0011017247611016497,0.003947847944509702,-0.001012592003753525,0.002318211265956052,0.0012774668978909175,-0.0013095116821932604,-0.0027284718527516827,0.0007741084582085023,-0.0002715438925952186,0.0037904096626152745,-0.001069760134041644,-0.00024716625237488233,0.0002022059442727672,0.0007204687987021836,0.002872568799066357,0.002734514462645165,0.0008549383001809471,0.001815239983625361,0.001775130654035213,0.005401574692950817,0.003191291354596614,0.0014386233835102763,0.0015287597164327354,0.0006664516365466016,0.0015510375092708272,0.0031817656478324357,-0.001239466606299781,-0.0026911865085185137,0.000529047150130282
,,,,,,,,,,,,,,,,,,,,,,,,,,,,,,,,,,,,,,,,,,,,,,,,,,,,,,,,,,,,,,,,,,,,,,,,,,,,,,,,,,,,,,,,,,,,,,,,,,,,,,,,,,,,,,,,,,,,,,,,,,,,,,,,,,,,,,,,,,,,,,,,,,,,,,,,,,,,,,,,,,,,,,,,,,,,,,,,,,,,,,,,,,,,,,,,,,,,,,,,,,,,,,,,,,,,,,,,,,,,,,,,,,,,,,,,,,,,,,,,,,,,,,,,,,,,,,,,,,,,,,,,,,,,,,,,,,,,,,,,,,,,,,,,,,,,,,,,,,,,,,,,,,,,,,,,,,,,,,,,,,,,,,,,,,,,,,,,,,,,,,,,,,,,,,,,,,,,,,,,,,,,,,,,,,,,,,,,,,-0.0015972228632017502,0.000502803544222843,0.002482827038911637,0.0028659398356830927,-0.0017528370091167739,0.0028721108223544434,0.0022608479016829122,-0.0027242339750227986,0.0005152784474921647,0.002621743180498014,0.0017100209691125203,0.00023479067269363454,0.0026564109719038236,0.0044519635930191735,-0.0011270002060336996,0.0019667450095585083,0.0012940460051322589,0.003000466946687084,-0.0020090824345728214,0.0038677608598663925,0.003629167903010965,0.0017872086954594125,0.0016009279242280173,-0.001473542964886291,0.004098220733430935,0.0010053489254642045,-0.0003496900996833573,0.0004936633916076971,0.0008982075667154277,0.0015225630295026351,0.001282835931779118,0.0008591710820473964,0.00042567373217025357,0.0006796871291589921,0.004387082801113139,-0.0018419010737852656,0.0012204792489016354,0.0002507557335775346,0.003919953653239644,-0.005497162752581062,-0.00042975787320756345,0.0011283514369279145,-0.005816015250384223,0.0008454314712435008,-0.0036875611554569323,0.0031668275137538633,0.0029525559461035305,0.0030449073610361683,-0.0007889647208503444,0.0034794324648100877,-1.907793761347443e-05,0.001922699903225294,0.0014778496368962808,-0.001884806858724913,-0.004207091061398387,0.0031705744502687596,0.004073682442467543,0.001271046345354989,0.0014893606054829436,0.003056776997691486,0.0007938180357741653,0.002009091050422285,0.0013084638511645609,0.0043664644873933865,-0.0007844803082844009,0.00021959210927889215,-0.00040670792222954313,0.0006800339285109658,0.0035024933908425725,-2.7787968210759325e-05,0.0005309990769213377,0.004570580707950284,0.001858665535401087,-0.0012740778885199692,0.0032950373273342853,0.0011351069768134037,0.0004026604344835506,0.0017838970405864526,0.002543984483199892,0.001259148466633633,-0.0005850277293939135,0.0007187874213559548,-0.0009507636620110148,-0.0006820923162013062,0.002058023501667776,-0.002944461122242501,0.00022504715947434327,0.0022348267998313527,0.0008062469333526679,-0.002024879499828481,0.004112731421191709,0.004853571472849582,-0.0021118578588357204,0.002472458791307872,0.0013943261508393334,0.0051502803750190645,-0.0005742668556922575,0.0019345382973551743,0.0009554698473220923,0.0001532061088316064,0.0019340814747556574,-0.007098681671632221,0.005257411202474033,-0.0005586993953329513,0.0010287220061145485,0.004512380505984766,0.0007597739650373116,-0.0021728708615410147,-0.002416529587499098,-0.001698566699196818,-0.0007980896743538321,0.003972247271449304,-0.003209705654056355,0.0015918932421482164,-0.0020959941830369653,0.0015343888892675752,0.0005649813621130306,-0.000971112330298638,0.0006294992689799985,0.0005445253986254099,-8.504208749703405e-05,0.0015991832796862578,0.0009682209492893888,9.420340778888258e-05,0.0012475584252388213,-0.0012952879244403437
,,,,,,,,,,,,,,,,,,,,,,,,,,,,,,,,,,,,,,,,,,,,,,,,,,,,,,,,,,,,,,,,,,,,,,,,,,,,,,,,,,,,,,,,,,,,,,,,,,,,,,,,,,,,,,,,,,,,,,,,,,,,,,,,,,,,,,,,,,,,,,,,,,,,,,,,,,,,,,,,,,,,,,,,,,,,,,,,,,,,,,,,,,,,,,,,,,,,,,,,,,,,,,,,,,,,,,,,,,,,,,,,,,,,,,,,,,,,,,,,,,,,,,,,,,,,,,,,,,,,,,,,,,,,,,,,,,,,,,,,,,,,,,,,,,,,,,,,,,,,,,,,,,,,,,,,,,,,,,,,,,,,,,,,,,,,,,,,,,,,,,,,,,,,,,,,,,,,,,,,,,,,,,,,,,,,,,,,,,-0.000900866944539302,-0.00040657226229086504,0.002345505245975801,0.0007415155882335969,-0.0004733590261409219,0.0006174660127726387,0.0016304060047696112,0.0022934363508102266,0.000734493466006825,0.0012812713383755182,0.001491858542140108,0.0015158664098999003,0.0017277202803234106,0.0009918769383511976,0.00048352304933359935,0.00041352088344865577,-0.00447895925230114,-0.005568080340890449,0.003703074477380141,-0.003729599145626707,-0.0003416167126852075,-0.0013536796277912808,0.0011180040682666017,-0.004679362113383831,-0.0038061081849446064,-0.004212765412376028,-0.0025777388046844857,-0.013867306317406462,-0.005604426178178985,0.001836781488818815,0.007374455513163413,0.0007721699867397552,-0.0015578345279209317,-0.002053162797019468,-0.0016724145592888822,-0.0033490458782762266,-0.008130929612962062,-0.009154864040028767,-0.0015155490339966498,-0.003127778980269795,0.007252834437022105,0.0006541011195440665,-0.005436162185797002,-0.003213077499725235,-0.008911195369437332,-0.0023370315576903516,-0.00614020512464776,-0.006094076263398162,-0.003996705786557868,0.0013489176642542597,-0.0019996838626684626,-0.0016928184332209639,-0.0028686184762045735,-0.0007882438231172277,-0.0009714419406373048,0.002864752269815653,-0.006168284473242235,-0.000951621942222118,-0.006897539745550606,0.002046584332128987,-0.0029779662812143204,0.0019596959481714294,-0.002068119983596261,0.00256114900301327,-0.003341473988257348,-0.00253284459511633,-0.010289394512365099,-0.00649472470380715,-0.002720612471457571,-0.0024875529390192253,0.0038036044721957312,0.002681366528850049,0.0001759615014088939,-0.005328302567977517,-0.00238253136863932,-0.0062904453566200854,-0.002179759505888796,-0.000920412314444547,-0.005477938221301886,0.004156615985411916,0.003997684913920238,0.0022712647797743556,-0.0018906201687059368,-0.007478767173815866,-0.0021748236088023985,-0.0024296780914664848,-0.0016361072986182997,-0.001117404445685679,-0.0020407714624889202,-0.0009376027857069848,0.00021621016487188228,0.005495053260213657,-0.0012932430249202294,0.0007760316121857619,5.327438702806879e-05,-0.0018800538258437892,0.0013852793813566684,0.0020781757073564232,0.0007910156339494283,0.0032408843173107023,0.0022176937980111695,-0.0005185273403185414,-0.0019896286574658,-0.0020366728111548583,-0.0035626085521653283,-0.0042874897469664585,0.0022655187051714163,0.0029639369774668023,0.0039011767186457294,0.0014877084278487026,-0.004418158483313164,-0.0010215751316718523,0.0017562045960949038,-0.006758983106701638,0.0016013058894168352,-0.0010749615491658913,0.0033631511191924792,0.0003163894015597183,-0.002371427933976521,-0.0027430066912347683,-0.0009509359852017945,0.0007392763756797652,0.0015260300485169867,0.001810443180984293,0.0026197502267314115,0.0012636908795320783
,,,,,,,,,,,,,,,,,,,,,,,,,,,,,,,,,,,,,,,,,,,,,,,,,,,,,,,,,,,,,,,,,,,,,,,,,,,,,,,,,,,,,,,,,,,,,,,,,,,,,,,,,,,,,,,,,,,,,,,,,,,,,,,,,,,,,,,,,,,,,,,,,,,,,,,,,,,,,,,,,,,,,,,,,,,,,,,,,,,,,,,,,,,,,,,,,,,,,,,,,,,,,,,,,,,,,,,,,,,,,,,,,,,,,,,,,,,,,,,,,,,,,,,,,,,,,,,,,,,,,,,,,,,,,,,,,,,,,,,,,,,,,,,,,,,,,,,,,,,,,,,,,,,,,,,,,,,,,,,,,,,,,,,,,,,,,,,,,,,,,,,,,,,,,,,,,,,,,,,,,,,,,,,,,,,,,,,,,,-0.005720857585547492,-0.00011366159189492466,-0.005379775096662343,-0.0016874754289165164,0.00790536132873967,0.004810147016542033,-0.002995256692083785,-0.0026418194128200374,0.01027755863498895,0.0016529737319797286,-0.016184553273487827,0.0014566658088006083,0.004752837736159567,-0.00048782263649627453,-0.005145837864838545,-0.0065623978525400275,-0.009257509410381308,-0.00994425053941084,0.0017063765740022072,-0.004627591306343676,-0.0011434054491110156,0.0005407489515346236,0.0052932075969874814,0.0071940865670330895,-0.009281417238526046,0.005850332989357415,-0.0015931722335517412,0.006878547340165813,0.008930900078266874,-0.001666670425329358,-0.0026418194128200374,-0.003271597560233203,-0.005145837864838545,-0.008942817589268093,-0.002657529653661189,0.00182760508498177,0.0012368598068132983,0.008094788098242137,0.0014032940729521218,-0.003271597560233203,-0.006914956180844455,-0.008733079835074027,-0.00141319531830959,0.0015338480356149378,-0.0014461555425077665,-0.003406506425817498,-0.006695421724580216,0.0001496686293103271,-0.009041741952532913,0.007319921893067648,0.009893707802402792,-0.0007608772715320801,-0.0026418194128200374,0.006362091167829939,-0.0017326130042783923,-0.006132955010980362,-0.005746451443992554,-0.006145251933485268,-0.00046907905256375653,-0.011133749460568639,-0.0012132474826648816,-0.002668874813243743,-0.002852805641014126,0.0014302221802063278,0.006471717776730658,-0.004981545105110861,-0.001666670425329358,-0.006132955010980362,-0.012639699755236529,0.0031742374319583193,0.0032764298235997582,0.0017025870271027085,0.00495337764499708,0.012246179000358091,0.006300503979437044,0.0015381398703902937,-0.005225192261859786,-0.002995256692083785,-0.00171588297467679,-0.006362837115302691,-0.014808141530957086,0.020837827672949043,-0.007665584711357964,-0.02259581496007738,8.964130538515732e-05,-0.005599104431457827,0.007059083717176682,0.01693173978943377,-0.0009010037896223352,0.01693173978943377,0.008538786104181779,-0.032892457207199216,0.0030230488185770854,0.0038583995355293177,0.0018283785600215177,0.0036693494999781224,-0.032892457207199216,0.0030542974313721074,-0.0032133892457932274,-0.0010024996520951379,0.00578674508258701,-0.015707017295062544,0.001063325572758912,0.010289752166718234,-0.0004343326645903284,-6.44033838761978e-05,0.0052932075969874814,0.010378234828822306,0.004420706591336051,-0.003885002703173088,-0.008229018701240416,0.006300503979437044,-0.008705362440086902,-0.0010419327719137059,-0.006607778096804389,-0.004900815099681494,-0.004212633483111865,0.005850332989357415,-0.0004647834773641081,0.0050665466766804486,0.004838329735212028,0.01693173978943377,-0.002867028256878263,0.003035897829104214,-0.000737930450122802,0.006471717776730658
,,,,,,,,,,,,,,,,,,,,,,,,,,,,,,,,,,,,,,,,,,,,,,,,,,,,,,,,,,,,,,,,,,,,,,,,,,,,,,,,,,,,,,,,,,,,,,,,,,,,,,,,,,,,,,,,,,,,,,,,,,,,,,,,,,,,,,,,,,,,,,,,,,,,,,,,,,,,,,,,,,,,,,,,,,,,,,,,,,,,,,,,,,,,,,,,,,,,,,,,,,,,,,,,,,,,,,,,,,,,,,,,,,,,,,,,,,,,,,,,,,,,,,,,,,,,,,,,,,,,,,,,,,,,,,,,,,,,,,,,,,,,,,,,,,,,,,,,,,,,,,,,,,,,,,,,,,,,,,,,,,,,,,,,,,,,,,,,,,,,,,,,,,,,,,,,,,,,,,,,,,,,,,,,,,,,,,,,,,-0.0014714907296001917,0.0012606694796704688,0.0011609131799195887,0.00368521183489065,-0.0005555150098516604,-0.0008092171570388018,0.0005757276515942066,-0.00027480289052618897,-0.00019986006125691344,-0.0009156704155611805,0.0008511545201690756,-0.00156212895992212,-0.0025915967256878504,0.0005761244311579502,-0.0025812557461904356,-0.0014088019979438587,0.0011646887077949937,-0.00028985764338791524,0.0010517919858102683,-0.000166845015017316,-0.0002049393157358284,-0.001887522266624728,-0.003429759457329057,-0.00020090192560019216,-0.0016422489657998088,0.001212515526955636,0.0021745506569277495,-0.00014860057723126336,0.00026876767093199274,-0.0007595383836693748,-0.0001794940531544854,-0.0005736369070170138,-0.0005410459553604593,-0.00023349861876340575,0.0011842273222282531,-0.001698212089540903,0.00049936463139602,0.0005778322653059147,-0.001204837418663374,-0.0004283370773482603,0.00048350284458138033,0.0007516706880705895,-0.003960584260297765,0.0005205040682631076,0.0011126722153858282,0.0011259758180919247,-0.00021896678954362912,0.0008824584846151991,0.00016498642929946102,0.0006868883689458017,-0.001260256326204399,0.000318673231486173,-0.0021316096803639098,0.0007943333176081066,8.772149187279851e-05,-0.0017181252008595044,-4.130953762796711e-05,0.001862493510125205,-9.112788771744809e-05,0.0007183928571976137,0.0008828495933266823,-0.001251290748235382,-0.0026054694160484357,-0.000597360085666878,0.0016118299453519276,0.000508380034552829,-0.0010876413522540433,0.0010729005699977275,-0.001413133317691973,-1.2099673040212057e-06,-0.0027861677615510423,-0.0008367788459872829,0.001579816273879259,0.0008925060520414264,0.0013853055344952734,-0.002144285504764414,-0.00039892624758067517,0.0003795746597461401,-0.0004111909109633421,-0.0006464436025271423,-0.0003519271521363406,-4.3250892413198346e-05,0.0009751683726790356,0.0016647474482306278,0.0007991111520095728,0.0010075708854128606,-0.0011486117537424425,0.0007796664096531454,0.0006350475385261236,-0.0031600391964093444,-0.00036305697052739635,-0.0005369208522024564,0.0005248713940090967,1.4165209868224223e-05,-0.0013186621794011454,0.0006005856794945424,7.436537965259057e-05,-0.0013894923991756506,0.0005562877633201423,-0.000798794771981193,0.000369580624004205,0.003231662466340433,0.0021503880438103803,0.0020595344293906238,0.001706077431590529,-0.0009082434236188418,-0.0009960645968385507,-0.0016740558174205948,-9.298222071568791e-05,0.0008032350431919143,0.00048447519744513554,0.003022418538457714,0.0014611518349556718,0.0010979357398658372,-0.00169199103693245,0.0005723819234844994,-0.001337409804895288,0.0011757700095113247,0.0004450196863035672,-0.0014754441985860471,-0.0021123248562798834,-0.012766434772638606,-0.0003240520429972094,0.0002698791754301059,0.0003944206458982077,-0.0015020799850462942
,,,,,,,,,,,,,,,,,,,,,,,,,,,,,,,,,,,,,,,,,,,,,,,,,,,,,,,,,,,,,,,,,,,,,,,,,,,,,,,,,,,,,,,,,,,,,,,,,,,,,,,,,,,,,,,,,,,,,,,,,,,,,,,,,,,,,,,,,,,,,,,,,,,,,,,,,,,,,,,,,,,,,,,,,,,,,,,,,,,,,,,,,,,,,,,,,,,,,,,,,,,,,,,,,,,,,,,,,,,,,,,,,,,,,,,,,,,,,,,,,,,,,,,,,,,,,,,,,,,,,,,,,,,,,,,,,,,,,,,,,,,,,,,,,,,,,,,,,,,,,,,,,,,,,,,,,,,,,,,,,,,,,,,,,,,,,,,,,,,,,,,,,,,,,,,,,,,,,,,,,,,,,,,,,,,,,,,,,,-0.0005530003454623513,-0.0015973281487822544,0.0012048555489018325,0.0009665025990398131,0.0034349491495716702,-0.0008607765837126259,0.0008644636640334888,-0.006566611722810193,-0.0007207793534083364,-0.0020830843232397464,0.001342338393054282,0.0016731471487582896,-0.0008200779748828303,-5.6007409439189266e-05,0.0007263481943664374,-0.0007756958094978471,0.0004589701932127355,-0.0004660894192056733,0.0026342476615682235,0.0020116854870866523,0.002192630558565724,-0.0015942948589751428,-0.0009176111675333238,0.0012933570382301694,0.0008986479980376313,1.7680673699942357e-05,0.0023460506781702857,0.00023067781199642912,-0.0013671982915984691,0.0018543455654435094,0.0027253075872188974,-0.00015281227249943204,0.0015390168919839204,0.00026542267420154525,-0.0019327334077631052,-7.988110060978213e-05,-0.00041436967272602483,-0.0032003342617827,0.0013508938278391721,0.0004133592236757979,-0.002111713750006555,0.0018243945081485434,-1.29858835862251e-05,0.00026672474079532556,0.00016840710894030039,0.000775726203258576,0.0026850602830381827,-0.001846090795224882,-0.0014593744518060707,0.0024800902014976596,-0.0005350350881781194,0.00021674051960871997,0.0017500884374021552,-0.0004893645019183165,4.086298795300284e-06,0.0034822759833332373,0.002384663124103098,-0.0001221817283658313,0.004184983531207155,0.0030884878312644995,0.00012581957489601366,0.0009733898911363215,0.001807987626743852,-0.0021153409655138,0.0007116839314403479,0.0014345250822952952,0.0032929786620661612,0.0019650526779150827,-0.0007559651941119229,-0.0006107762053337259,-0.0016817573730659213,-0.002324774555405989,0.0009976831380239066,-0.003480828297809542,-0.00044670910421700714,0.001841245608738973,0.00134960040297301,-0.0024689508342513964,0.0016882119746878745,0.0006941621676378417,-0.0010185418822657086,-0.0021666402537084658,0.0009470459794101772,-0.0005033810861156474,0.0016544427910072654,0.0006889256362046579,0.00028894495415443067,0.0005976944697370828,0.0007104804614694636,-0.0015274475824116956,0.0006719732441561061,0.002830086811300132,0.0011417259094014297,0.0007191228767624124,0.0030843476192967496,0.0006527459274366271,-0.00033486371263279606,-0.0008887412963667883,-0.004815836323396071,0.002887493237649322,0.002113980511203408,-3.058501039049594e-05,0.001022633988613961,3.3260292111663136e-05,0.00023681787512032303,0.0024003766338719285,-0.0007825593782763464,0.0008665169002051701,-0.0009677971179189624,0.0031532980116996145,0.00014364948321599506,-0.00011546185283805254,0.00022990524429284656,0.0020665052153344726,8.19685927126566e-06,0.0007951082503714132,-0.00044879793662403275,-0.005594191251220764,0.0006418664890225046,0.004302183774052536,-0.0012304809552733788,0.0016763269605871755,-0.0002443040991784075,0.00014323149667082628,0.0006673105028312419,0.0031023382347484577
,,,,,,,,,,,,,,,,,,,,,,,,,,,,,,,,,,,,,,,,,,,,,,,,,,,,,,,,,,,,,,,,,,,,,,,,,,,,,,,,,,,,,,,,,,,,,,,,,,,,,,,,,,,,,,,,,,,,,,,,,,,,,,,,,,,,,,,,,,,,,,,,,,,,,,,,,,,,,,,,,,,,,,,,,,,,,,,,,,,,,,,,,,,,,,,,,,,,,,,,,,,,,,,,,,,,,,,,,,,,,,,,,,,,,,,,,,,,,,,,,,,,,,,,,,,,,,,,,,,,,,,,,,,,,,,,,,,,,,,,,,,,,,,,,,,,,,,,,,,,,,,,,,,,,,,,,,,,,,,,,,,,,,,,,,,,,,,,,,,,,,,,,,,,,,,,,,,,,,,,,,,,,,,,,,,,,,,,,,0.00012417172387358755,5.5728639551185346e-05,-0.0010923823912162324,0.0016558789608097867,0.0030067493484602905,0.0016306587681901884,0.0008208770470446329,6.690863117304077e-05,-0.0004432572491932657,0.0006621295443983399,0.00019691740450070985,0.0010809968602067484,0.0016905527057679138,-0.003702925341203812,0.000878800297250564,0.0002391513386100998,0.0008808929201040885,-0.000716027224661957,0.0011980361053429082,0.0016066740680616932,0.0022898277861531824,0.00020040102601342374,0.001252820762092597,-0.0003231757619359991,0.0006423172837821768,0.0004349021567031744,0.0009671515315858414,0.002492456606026585,-0.003629861487388553,-0.0015889433136180738,0.0003992121621558908,0.0008625385885437332,0.0011947435184993089,0.001236609544466774,0.0024361900613075705,0.00143398713732798,-0.0014491353961057034,-0.003689971815038007,-0.0005544883583206677,-1.1828314673039005e-05,-0.000765153043394093,0.00045729952568459957,0.0006623216949083146,0.0011472801503623487,0.0007942216537776404,0.0008762472010372831,0.0020626322429113018,0.00010918558298726624,-0.0012100640897551786,0.00032190890298807075,0.002176984971859687,0.0010415455040007752,-6.736476180230937e-05,0.003515873507603827,0.0014461819096468391,-0.0005195610404916805,-0.00116007564953179,0.001360392515634885,0.0014936372864758603,-0.0020114937519247174,0.002350363483914407,0.001042025642253672,0.0012087693772627976,0.002240987063851208,0.0005018817551172111,-0.001382272420232765,-0.0036730836983042544,-0.000460406252968823,-0.002032861310035515,0.00036092171407653965,-0.0003499060586909762,0.0011428502964918156,0.002471543812425807,0.002599156887736172,-0.0002239180885953827,0.0006663758787908593,0.0006024538134442994,-0.0007829563039122142,0.0008498543980022079,0.0011437028825966992,0.00065224350153585,0.00015426898728037512,0.0027062279707267102,-0.0017162356291009924,0.0006959885012765883,-0.00020346150871773704,-0.001213301144489379,-0.0004522271779569564,-0.003879924400534949,0.0023338055385102056,-0.0010036830837634623,0.0015256475473870523,0.0008764565674937332,0.0026813445870720893,0.0025352924517452876,0.001241262292751344,-0.0002968469570623707,0.0016208373326905227,0.00022904760439511573,0.0004256824039791053,0.0009360938794634421,0.002391309939994245,0.0013163120333774716,0.0011456591483074588,0.0007251109752542107,-0.0006649777851028668,-0.001346514558924051,0.0007361625940029627,0.001527671404546709,0.0024227577606870917,0.001041040881245863,-0.002794717182114257,-0.0009706059979362172,0.0010667018761450892,-0.0005012639803802202,-0.0019373485378309855,0.00019176401404547526,0.0011820791159698283,0.0024842408475888094,0.0009749112908684768,0.0012605280672869413,0.00025417301939645185,0.0008083900615747555,-0.0005383706220891315,0.0025946292525259197,0.0005401287759620268
,,,,,,,,,,,,,,,,,,,,,,,,,,,,,,,,,,,,,,,,,,,,,,,,,,,,,,,,,,,,,,,,,,,,,,,,,,,,,,,,,,,,,,,,,,,,,,,,,,,,,,,,,,,,,,,,,,,,,,,,,,,,,,,,,,,,,,,,,,,,,,,,,,,,,,,,,,,,,,,,,,,,,,,,,,,,,,,,,,,,,,,,,,,,,,,,,,,,,,,,,,,,,,,,,,,,,,,,,,,,,,,,,,,,,,,,,,,,,,,,,,,,,,,,,,,,,,,,,,,,,,,,,,,,,,,,,,,,,,,,,,,,,,,,,,,,,,,,,,,,,,,,,,,,,,,,,,,,,,,,,,,,,,,,,,,,,,,,,,,,,,,,,,,,,,,,,,,,,,,,,,,,,,,,,,,,,,,,,,0.0013492987171412093,0.0004908586382953217,0.0005490218492923299,0.0015995396269136105,0.0006864467557690141,-0.0011470565445051758,-0.0004839114417700324,0.0017314219454419796,0.0031942598920431907,0.0004262464170096793,0.0004061598645785123,0.0020513254123216028,0.0022570566739887,-0.002396827461998328,3.141644832794534e-05,-0.0010723631695145736,0.0019672117480513404,-0.00045195355327450656,-7.497092061385018e-05,0.002441714258748106,-0.00012289483580389107,0.0035639222126337697,0.002485436599003151,0.00021710218767111633,0.0011005777152604422,0.00015279851199011252,0.001294921563239768,0.0011829612564906709,0.0025393548547435777,-0.0002955941022082701,0.00019161064068612106,0.0001134863863782291,-0.0010389364817820035,0.00097754086011264,0.0005500570404547035,-0.002692761463840725,0.0012638704598430194,0.0019278080532967577,0.0001370267897073061,0.0005274431330083949,0.0013520149629766818,0.00047681009662483084,0.00041661372233647777,0.002563282987830461,0.003515348860855737,-0.0004324546709540297,0.0004269757750444112,-0.002273940099403261,0.0014667839342655496,0.0016963994939578697,0.002548154244796023,0.0006757927664148153,0.0010193082020850852,-0.0008013940097589518,0.00015931724056281345,-0.0014961332728853451,0.0015899602951685667,0.002209057695072261,0.0016102097653492816,-0.0007946268626255914,0.0010599883095710537,0.005379551588994215,-0.001766113821504405,-0.0010046618057094744,0.0031495727709261695,0.0018274571729125456,0.0005462276538310107,-0.0026104137419679326,-6.83648514313974e-05,0.002454417707485845,0.0015544589560886378,-0.0013253563464240875,-0.0003712259158783134,0.00035975207655913714,-0.0013609204009117104,-0.0016378461252315917,0.0012406922957961797,6.763547607988583e-05,-0.0002446468129346618,0.0009247415971913143,0.00107395247585373,0.0006727516388127696,0.001201424803002737,-0.00026994345486552114,-0.0005334178896737285,-0.0009997647517593585,0.0021749163062122537,0.0012602941106888465,0.0009307711959506075,0.0011211602740513627,0.0008616586720017949,0.0004732154322846325,-0.0019365966625628063,-6.76958157418997e-05,0.00012875985194114035,0.0025191025451723756,0.00028897820680867875,0.001539709712087642,0.0022137986550660564,0.0015230389497931656,-0.0005752823183429427,0.0005625062889885158,0.0009952479103230872,-0.00019530692263547997,0.0024234630513819866,0.0018335274092532924,0.0004078233876498414,0.001215046290162718,-0.0006266523909289394,0.0007727256853831935,0.0005079259573540188,-0.001680761808238459,0.0011275443590420763,0.0013810540593355352,0.0013150125675747404,0.001601117459431407,0.0007644452797831037,0.00032225730947781485,-0.00019031485193409046,0.0016875304004133796,-0.00020187091504340058,0.001333978656366526,0.000781080647429917,0.0018559691584960091,-0.0005498908642621252,-0.0003090470540337262
,,,,,,,,,,,,,,,,,,,,,,,,,,,,,,,,,,,,,,,,,,,,,,,,,,,,,,,,,,,,,,,,,,,,,,,,,,,,,,,,,,,,,,,,,,,,,,,,,,,,,,,,,,,,,,,,,,,,,,,,,,,,,,,,,,,,,,,,,,,,,,,,,,,,,,,,,,,,,,,,,,,,,,,,,,,,,,,,,,,,,,,,,,,,,,,,,,,,,,,,,,,,,,,,,,,,,,,,,,,,,,,,,,,,,,,,,,,,,,,,,,,,,,,,,,,,,,,,,,,,,,,,,,,,,,,,,,,,,,,,,,,,,,,,,,,,,,,,,,,,,,,,,,,,,,,,,,,,,,,,,,,,,,,,,,,,,,,,,,,,,,,,,,,,,,,,,,,,,,,,,,,,,,,,,,,,,,,,,,-0.0003528016110916121,-0.00020722084631415747,0.0009410039613430855,0.001319254002555681,0.002011826088593807,0.003066966072862367,0.0013642653526403595,0.0005908405740944242,0.00012263225674056816,0.0004921577442413157,0.0003235037634658512,0.000597642062093655,0.0005221914150024531,0.0025798571150395825,0.0024695878909187737,0.001150925920046575,-0.0005794790983782145,0.00034693124071054625,-0.0002163520444082677,0.0028044579273046114,0.0013405867674737238,0.001970872052188497,0.001301006458476574,0.00222050721582491,0.0007869502107375107,0.0002622042515940848,0.001038395824871259,0.002476451750735577,0.0012074722512625158,0.0026724719201350424,0.0018841127072664683,0.0011976095620848356,0.001981354626441316,-6.832783474237762e-06,-0.0003538933390154858,0.0013226067635696381,0.0013825649769933085,-0.0011176137567235852,0.0013258532424515578,-0.00043481666092702717,0.0015060221181192903,0.00022689215643670964,-0.00035146192158814766,0.001289688350552751,0.001345151204004651,0.0011827913308225108,0.0001428947118135214,0.00021223899853794082,0.0010324623534688725,0.0008342008198087571,0.0023004684023180746,0.001441201482375618,0.0013300910803203197,-0.0009162928250589175,-2.3390001733787353e-05,0.002327423264505342,0.0022994533945893633,0.001751937406067252,0.002795739037683234,0.0025301466544042344,-0.0016599428543122483,0.0019150418190596002,-0.003227867355817581,0.0012431294732959943,0.0026444695203099397,-0.00028697292040305914,0.0029736386240256257,0.00022796943590947232,-0.0010427095341340948,0.0002609112024583738,-0.0031218962056300354,-0.0003221941426090779,0.001469340103154536,-0.0014351219111995313,0.003922057256677363,0.0011787501799699384,-0.0013530648790037953,0.002612915359641192,-0.005637919528053315,-0.00024861937523382985,9.71552431292366e-05,-0.0020943918191915142,-0.0005271658802666941,0.0008741168038250181,0.00042855201085330915,-0.0012291691382779395,-0.0033458714187145234,-0.00029189117642090454,-0.006298809206462468,-0.000413489485436002,-0.0023965425778806086,-0.004721923975230313,-0.0012453473330242561,-0.001164139283137047,-0.005661048648908035,-0.0012949120966004551,-0.0051685950567480175,-0.005448642047073616,-0.003979661452613074,-0.0005186265348311286,-0.002244796313619495,-0.00180146923808934,-0.0010026932683467756,8.496575723256712e-05,-0.0029461985873786042,0.002112522733550577,0.0007264171069982693,0.0003394623803615103,0.0008481321965155073,0.0018133264446441896,0.00039008026906230933,-0.003965969310520448,-0.003504654705175199,0.0013580810462008228,0.001915968574103317,0.004549793267506177,0.00025106464538112046,0.0010302281710755778,0.001783511173562147,-0.001022769793914146,0.001124518469587201,-0.00038323468015732996,-0.001477451526188816,0.00025236555273295397,0.0013318788976903306,-0.0014303058181467346
,,,,,,,,,,,,,,,,,,,,,,,,,,,,,,,,,,,,,,,,,,,,,,,,,,,,,,,,,,,,,,,,,,,,,,,,,,,,,,,,,,,,,,,,,,,,,,,,,,,,,,,,,,,,,,,,,,,,,,,,,,,,,,,,,,,,,,,,,,,,,,,,,,,,,,,,,,,,,,,,,,,,,,,,,,,,,,,,,,,,,,,,,,,,,,,,,,,,,,,,,,,,,,,,,,,,,,,,,,,,,,,,,,,,,,,,,,,,,,,,,,,,,,,,,,,,,,,,,,,,,,,,,,,,,,,,,,,,,,,,,,,,,,,,,,,,,,,,,,,,,,,,,,,,,,,,,,,,,,,,,,,,,,,,,,,,,,,,,,,,,,,,,,,,,,,,,,,,,,,,,,,,,,,,,,,,,,,,,,0.0015764495831172092,-0.0009852330532157793,0.002058263655053452,0.0014388445741496973,0.0007061683601932598,0.003950878710784309,0.002334050315548665,0.002289563340018503,-0.000290758015471511,-0.0012400841262327363,0.002345208836777603,0.00010392047232016873,-0.0034780551665850594,0.0018449303392480943,0.0010898575027749754,0.0026246022246778013,3.76785191474482e-05,0.002111800198254058,-0.0014963015321700361,0.003099626595794689,0.0022786477440725626,-0.00041571601381292607,0.0015676828394134644,0.0007564541739338891,0.00023361977444437805,0.0016807571030221886,-0.000623326699897007,0.0020378249226268965,0.000567190258989285,0.0007388466062184305,-0.0009674044906205378,-0.0010746289669259566,0.00035277669229981254,-8.57916923268935e-05,0.0005231408974577788,-0.00027147670480189836,-0.0007860472030127608,-0.002058819853118621,-0.001392882423157668,-5.1635182680911484e-05,0.0011539930144135724,-6.926949048647658e-05,-0.0005245803261641413,0.0006865210854084579,0.0017541837008320728,0.0007659644253726584,-0.0008121884005959146,0.0013358850462100234,-0.0010504794371081518,0.003854001945583151,0.003624085215269586,-0.0055765491522470284,0.0025281286635436126,-0.0038394534813050974,-0.00029213742440333565,0.0009445154555578481,0.00026174353741225764,0.0009729737453744747,0.001662518353441555,0.001509425263029697,-0.0007933595193026121,-0.00028676933648966976,0.0011347163408451403,-0.0032208186209390986,0.0009765496291220189,0.001627809252022416,0.0006001006110454909,-0.0013035957959946255,-0.0008619743817447058,0.0005641424813074992,-0.0008660933090141051,-0.0015680493471518274,0.0006722871812962694,-6.775720634323091e-05,0.0019348346088736436,5.8910543448291485e-05,-0.001219044165627565,-0.0025012763890481437,-0.00013172478677006506,0.002272274324010748,-0.0009317745409498458,1.5720367531078425e-05,0.00038304223201703286,0.0007004353783122498,8.587410178733995e-05,0.0013240223013175029,3.070644219405934e-05,0.000545114542474039,0.0009683848152174804,0.00116504909703508,0.00018552449987813195,0.0008405711525119838,0.0022386258645201444,-0.0004636260729239442,-0.0004944925631934893,0.000870255076297326,-0.0011340469391507217,-0.0011725347532774329,-0.0003966837989719354,-1.820366131141801e-05,0.0006929354523890651,-0.000279002139225971,0.001806030943698716,-0.00026155039126024386,-0.0013688326595001849,-0.0011442170711112943,0.0017319748444424485,0.00320956348360778,0.0010188364554899938,-0.0006602947833016518,0.001685663464159006,0.0016649973057064928,0.0003969851264264435,-0.0022574368043691115,-0.0018568623202736487,0.0007455064688110725,0.0006802893271378707,-0.0011650803369047933,-0.0028660838515497744,-0.0020005961431888864,-0.00044837772715254707,0.001406135991746851,0.0013779060193337498,0.0008120622738715612,0.0011028282555707847,0.0022804584101977525
,,,,,,,,,,,,,,,,,,,,,,,,,,,,,,,,,,,,,,,,,,,,,,,,,,,,,,,,,,,,,,,,,,,,,,,,,,,,,,,,,,,,,,,,,,,,,,,,,,,,,,,,,,,,,,,,,,,,,,,,,,,,,,,,,,,,,,,,,,,,,,,,,,,,,,,,,,,,,,,,,,,,,,,,,,,,,,,,,,,,,,,,,,,,,,,,,,,,,,,,,,,,,,,,,,,,,,,,,,,,,,,,,,,,,,,,,,,,,,,,,,,,,,,,,,,,,,,,,,,,,,,,,,,,,,,,,,,,,,,,,,,,,,,,,,,,,,,,,,,,,,,,,,,,,,,,,,,,,,,,,,,,,,,,,,,,,,,,,,,,,,,,,,,,,,,,,,,,,,,,,,,,,,,,,,,,,,,,,,-0.0011819025932345536,0.000987901863627485,-0.002474384821398416,0.0002660756137144443,-4.8629059359275644e-05,0.0006210336306685348,-0.0031516508832767913,0.0017103591822888115,0.0024006482062395662,-0.0031168255058946688,0.0006509877742064419,-0.00028587367628157774,-0.0002723108761711048,0.002068011481896975,0.0009904118337726686,-0.004110845981922467,0.002028698983922368,-0.002897886682621902,-0.00399449816904962,0.0006371114442299584,-0.002349268066027434,0.00036159954150207326,0.002016872096670947,0.002033254182751988,-0.0038867600291268914,-0.0008733091314206826,0.0027063781418837597,0.0033349684148561223,-0.0004040558249107568,0.0035713055009546214,0.007482403838075698,0.0024654735811054716,0.0033464195817941786,-0.001968894920428284,0.004846607967629098,-0.004771957780467346,0.005024996140418807,-0.0015409980993717908,-0.0037917229402228267,0.006505671717604856,0.0023512242865399457,-0.003407708681188523,0.0027807174717599994,0.0038386392932928492,-0.001461082764581079,-0.00024498963892256143,-4.168585990555542e-05,-0.0013250319258077076,-0.001787650152109563,0.002756223851174582,0.0011242053467140065,-0.00048790109314722935,0.005424747888464481,0.00045109316706657397,0.0025187884362821928,0.0015475136559689408,0.002117250230706606,-0.0005852923699421811,0.0008047122672724069,-0.0007432963151950385,-0.0019062464049784472,-6.799621536629269e-05,-0.0007834908768563768,-0.00430563551315572,0.0018564133357358516,0.0005227567083056783,0.0014228541863849384,0.0015558691299520438,-0.0006800692039541903,-0.00030035373361897655,-0.00036070324629690716,0.0003698847893974743,-0.00023574549762997796,0.0009136158042747414,-0.0001933093660773018,-0.0013993476922041738,0.0005582494234840853,-0.000430481796101958,-0.0005499940734807753,-0.00162053170366562,-0.0013087256811559202,0.0005472060659667477,-0.0005436956028279387,-0.002079524704276992,-0.002502059339894914,0.0008868017126224005,-0.001040753463894363,-0.002043668976984919,0.005039102894370443,0.0012211055982334076,0.0008658974184072572,0.000603745816333685,0.0007714205718366436,0.0019350289298502796,-0.0022016665484989066,0.0014396493340609598,0.0016337984456913552,-0.00031558788963593527,-0.00020129885640926684,-0.0004963722321554092,0.0017644104070495819,0.0006032090864027846,-9.575637246598488e-05,-0.0027802760084159684,0.0051543031696928655,0.0006856354430783539,0.0011338886554585772,0.0015982364679803145,0.002430145386606454,-0.003690872166480403,0.006608597626036496,-0.0038602738198824232,0.004087539709726116,-0.0002283705059380736,0.0017228241295379127,-0.0006292101022336287,0.0012681745766167296,-0.0011243430929607713,-0.0015279387915506963,0.0021047871593327726,-0.00021883318360778515,0.004023859153385273,0.0026161863902234455,0.0041892160153292925,0.0025394425561535163,0.0013133845513220877
,,,,,,,,,,,,,,,,,,,,,,,,,,,,,,,,,,,,,,,,,,,,,,,,,,,,,,,,,,,,,,,,,,,,,,,,,,,,,,,,,,,,,,,,,,,,,,,,,,,,,,,,,,,,,,,,,,,,,,,,,,,,,,,,,,,,,,,,,,,,,,,,,,,,,,,,,,,,,,,,,,,,,,,,,,,,,,,,,,,,,,,,,,,,,,,,,,,,,,,,,,,,,,,,,,,,,,,,,,,,,,,,,,,,,,,,,,,,,,,,,,,,,,,,,,,,,,,,,,,,,,,,,,,,,,,,,,,,,,,,,,,,,,,,,,,,,,,,,,,,,,,,,,,,,,,,,,,,,,,,,,,,,,,,,,,,,,,,,,,,,,,,,,,,,,,,,,,,,,,,,,,,,,,,,,,,,,,,,,0.0013231894733326045,0.0002702559529002642,0.0030795778281753877,0.004157742766110461,0.0014947969553516785,0.0020145209642942067,-0.004129846443538554,0.0004997619052301163,-0.0029704408125689956,-0.003630010447717119,-0.0006401695702516007,-0.0011314043370657602,-0.006354130786203311,-0.0026099379367951763,4.7052867739694006e-05,-0.01432583841102315,0.0025189350466825987,-0.0017774745819042436,-0.0001228678121697161,0.003738896266731899,-0.0002589518103195589,0.0011667389034846567,0.0006806462279928381,-0.001153014316951157,0.00066402301818016,-0.0013489781419048082,0.0010574087331042393,0.0006366525920020643,-0.000589157895592507,-0.0001460248845978642,0.0011651890553766862,-0.0002348587734013563,0.0026460133021464567,-0.0010211270632862579,-0.0018054062700684891,-0.0022765908641304124,0.003082320008252282,-0.0008838969345379157,-0.0003779331833356992,0.0009249304779223165,0.0016312832303325801,0.001460272214317228,-0.0003742115841790413,0.0034891360701294607,-0.00029627827956574043,-0.002223042709374567,0.0008889948988507967,-0.0028616841997912475,-0.0007322730477608275,-0.0015820013603661208,0.0017313316551735615,0.0015885065294181308,-0.004068917475087802,-0.000678164947748883,-0.002079960579139879,-0.0007603332272265107,0.0006532597067707681,0.0003994138730922716,-0.0018517104042985013,-0.0001666150457458572,0.001087612319533946,0.0017648068786365915,0.002961729072267189,-0.0022949157282710067,0.0013258045374823272,0.0007634922753641149,-0.0018093388469424092,-0.0008231476538639987,-0.0012727939264732414,-0.0014723554976808363,-0.002691038749956835,0.00041045302093455907,-0.00032386750594014295,0.002357697604020359,-0.0009848351888649633,-0.0018911289141396994,0.003743481572746531,-0.001890804302799681,9.452585058170378e-05,0.001889972815260989,0.002551495708903531,-0.0010212837308790764,0.0006735252562793901,-0.0016402310514968123,0.0008905902304589591,-0.003124381290836026,-0.00015451732717338025,0.0011895042355172334,-0.001670252035546583,-0.00023557072156108922,-0.0007946375187020752,-0.000629317742132116,0.0005503718985710292,0.00040328773451619787,-0.002975277527536189,0.0009090769654430911,-0.0003583958508534121,-0.0005412534003698963,-0.0005220236862078306,-0.0013154627095840012,8.149151697580245e-05,-0.0011089674971299247,0.0006131876017025207,-0.003682242562936152,-0.00037923437518960155,-0.00198562059624237,0.0008680836550774985,0.001000928232388105,-0.0005272114009130744,-0.0003072847986186386,0.0010846438634616793,-0.0018737685944402716,-0.01648927855960211,9.99166164547207e-05,-0.0009183075925102451,0.00818030323935091,-0.0016355172980547646,-0.0035728754934098088,-0.003235593333956786,-0.0027525000750902116,-0.0039487588271731495,-0.00036833430182014125,0.0012952661707822703,-0.00032840342668350776,-0.0035642036857219247,-0.00025254361316910944
,,,,,,,,,,,,,,,,,,,,,,,,,,,,,,,,,,,,,,,,,,,,,,,,,,,,,,,,,,,,,,,,,,,,,,,,,,,,,,,,,,,,,,,,,,,,,,,,,,,,,,,,,,,,,,,,,,,,,,,,,,,,,,,,,,,,,,,,,,,,,,,,,,,,,,,,,,,,,,,,,,,,,,,,,,,,,,,,,,,,,,,,,,,,,,,,,,,,,,,,,,,,,,,,,,,,,,,,,,,,,,,,,,,,,,,,,,,,,,,,,,,,,,,,,,,,,,,,,,,,,,,,,,,,,,,,,,,,,,,,,,,,,,,,,,,,,,,,,,,,,,,,,,,,,,,,,,,,,,,,,,,,,,,,,,,,,,,,,,,,,,,,,,,,,,,,,,,,,,,,,,,,,,,,,,,,,,,,,,-0.00017099608703574656,-0.0028791813117277354,-0.0029989102305262353,-0.0006875203315576076,-0.003594135570165236,-0.0005532925720035566,0.0005934434717346448,-0.0009316052943177058,-0.0016399707060190854,-0.0035935091473220373,-0.0013893808372085915,-0.0018149072167580008,8.296927577854723e-05,-0.0004755371449573435,-0.0009576085544540544,0.00041261855723860217,0.0006349540059454738,-0.00105782167025609,0.0014633039843465665,0.0006910690299991984,-0.0009331506099745946,-0.0006863889757999761,-0.0008835680784250148,-0.001688645137764979,-1.3154134503565976e-05,0.0001029242659569715,0.001010054813086754,-0.0018832313680468358,-0.0012828439169000683,-0.0010064383091230413,-0.0018425606874516228,0.0006057200963550713,0.0025601894248393365,-0.0005444760073442015,0.001198386736505199,0.000521806818724144,-0.0006021669914480303,0.0008816707985533866,-0.00010827572719426828,-0.003404081993649014,0.00591604352914146,-0.0026841523066589916,0.0040844037399801894,0.0017090837084833756,-0.0024817888626906394,0.0012737636036763437,0.0010352856891404371,-0.00015791408717632304,-0.0015811108122579748,0.000703910884039942,-0.0020435239158299117,-0.0020481955446302897,0.0011800561491691042,0.002185167768184328,-0.000623099349613767,-0.0013974038945646808,0.0019251852945308197,-0.0014429746170935688,-0.0027181147394003346,0.0013344933926418892,0.0005015700131480114,-0.0003524305285827723,-0.0016704814672993966,0.001079046746308449,2.1763689486154695e-05,0.0010556484385451763,-0.0007439862683531829,-0.0019982718545361426,-0.00010553061772952799,-0.0001818106905557216,7.122282375348729e-05,0.00043344437406631184,-0.00048790944890546024,-0.002098310363886413,0.0024718328549352014,0.0012131735007278612,-0.0010789382339862642,-0.0007808415483062463,-0.001832484211336123,0.0001112562076014001,0.0015174672762805123,0.0004159982339479028,0.0010144432866218268,0.001301646742213051,0.0007904234062880275,-7.955515146022685e-05,-0.00023877946448919827,0.0014653157746943176,0.0004487843735114438,-0.00041826186105026837,-0.0005311767489183697,-0.0011889545914891642,-0.0008164406192372556,-0.0011918390689243093,-0.0013982511135691318,-0.0014884813825483437,-9.732911596074722e-05,-0.002734943604349002,-0.00035022707888856554,-0.0017146445166144996,-0.002246024174382909,0.00022596585244173185,-0.0006773643003543841,-0.0019578193000052107,0.0011354159757174782,-0.0007244267583882901,-0.0013201423497230282,0.0011087765733100241,-0.001700243383471389,-0.0005649684299714867,0.0003993827675585635,-0.001117226709975512,-0.0018317517050309106,-0.0015800073218997569,-0.0011236598257285861,0.0001859572902903891,-0.001842087330636181,-1.4080376422498478e-05,0.000600060629149084,3.807041750405907e-05,-0.0007596366009238411,0.0005429939148598348,-0.00019294660465675454,-0.0012076533912477323,-0.000985474094777601,-0.0005421096682160473
,,,,,,,,,,,,,,,,,,,,,,,,,,,,,,,,,,,,,,,,,,,,,,,,,,,,,,,,,,,,,,,,,,,,,,,,,,,,,,,,,,,,,,,,,,,,,,,,,,,,,,,,,,,,,,,,,,,,,,,,,,,,,,,,,,,,,,,,,,,,,,,,,,,,,,,,,,,,,,,,,,,,,,,,,,,,,,,,,,,,,,,,,,,,,,,,,,,,,,,,,,,,,,,,,,,,,,,,,,,,,,,,,,,,,,,,,,,,,,,,,,,,,,,,,,,,,,,,,,,,,,,,,,,,,,,,,,,,,,,,,,,,,,,,,,,,,,,,,,,,,,,,,,,,,,,,,,,,,,,,,,,,,,,,,,,,,,,,,,,,,,,,,,,,,,,,,,,,,,,,,,,,,,,,,,,,,,,,,,-0.0010900175608003335,-0.0005930856481427325,-0.000599539931572508,-0.0006063912978279409,-0.0008540950644601263,-0.0006873728835101549,0.0003128389081393834,-0.00013417381177229486,-0.000545732132177363,0.001412922463827272,0.0019695362594332735,-0.00031763069129738127,0.00159370956271232,0.001295187691489748,-0.0006255822583625559,0.0009176612613373434,-0.0004801785557356195,-0.00028416427509000644,-0.0013444923386850857,0.00019864308034811973,0.00033562352328954143,-0.0002680187874041923,0.0003770596168760676,-0.0007949962869909849,0.00014671345556659305,0.0007115720226041351,0.000136049292438353,-9.371126659364864e-05,-1.3429953833110717e-05,-0.0008113855360716124,-0.0010199177358299494,-0.00012359108258654783,-0.0001296431927767115,-0.0009959550155993688,0.00022226828237762667,0.001542362675681943,0.0005063925345226986,-0.0013515862708057592,0.0008625385433939908,0.001327084433414711,0.0006274215390840252,0.00027193868836548055,-0.0004928267809918899,-0.0008034838294406653,0.00011319954455757403,-0.0017833559670543762,0.002411131615081103,-0.0005078214093130853,-0.0007463447739610271,0.002278650347270741,-0.0026513527895440352,0.0013698807594482788,0.002078312448749784,-0.0005153169375686658,-0.0020576628533308387,-0.001092138771267249,-0.00017098094157214902,0.0015759564204017805,-0.0005930562579487748,0.0015321322588715696,-0.0005985254018924023,-0.0007859919364758144,0.0007091028186065767,3.856548682961043e-06,-0.0009364497286636227,0.000314935961388983,0.00044906852422476126,-0.0005004849564769151,0.001080768239686828,0.001578854425897589,-0.00018739843867175883,0.0006169110685004857,-8.31486802962899e-05,-0.001375043802612103,0.0015652027641287227,0.0017523560705497703,-0.001369384965354887,0.0008273012043015723,0.002029574845782918,-0.0006546968515322078,-0.0005177368668022001,-0.0013157980159424678,9.139440066064706e-05,-0.00039492643221819844,-0.0011820541438343456,0.0012612430561785007,0.001197524093986431,0.0011187212611366703,0.0033394584616568547,0.0004555470170089394,-0.0006011966046935414,-0.0009811871104648173,0.0016330160153302132,-0.0005198262506261625,-0.00038808277196949336,-2.9450651200022628e-05,-0.0007457010375583192,-0.0007013201915154546,0.0006840995943639429,-0.0010446852410677823,-4.9803403865856404e-05,-0.0008214010873234655,-0.0010285726679224662,-0.0005427164683351293,-0.00046201845094401517,0.0011852940325237182,0.00022956339264055723,0.00040893367098760803,0.0009950392962588615,0.00042881179513642553,0.0007542253006734732,0.0005169662000844258,-0.0012724282468843744,-0.0013063992930013532,0.0008080762287136169,0.002638462896144724,-0.00013767657967400697,-0.0008662165523855951,0.0010361144626125072,-0.0008278108311060349,-0.0014465850100835577,0.0007812689752414977,0.0002540528959798393,-0.0002515297482204914,0.0005542641673528124,-0.0001533269687691548
